"ID,IT","EN","IT",""
"<{mollie}prestashop>mollie_7c478959c218087ffc4ad5d96e7f66a6","Mollie","Mollie",""
"<{mollie}prestashop>mollie_95b3b272e06dcc3cc2aa62f6887aebc5","Mollie Payments","Pagamenti Mollie",""
"<{mollie}prestashop>mollie_6bedf641eb10773a0069acb02fd7f8ac","You're using an outdated PHP version. Upgrade your PHP version to use this module. The Mollie module supports versions PHP 7.2.0 and higher.","Sta utilizzando una versione PHP non aggiornata. La preghiamo di aggiornare la versione di PHP per utilizzare questo modulo. Il modulo Mollie supporta le versioni PHP 7.2.0 e successive.",""
"<{mollie}prestashop>mollie_46e2d06b80d816b2916f1f27492fbabd","Unable to install module","Non è stato possibile installare il modulo",""
"<{mollie}prestashop>mollie_f51ae8e015ae0be2c4a8d5b9ee160ac2","Thank you. We received your payment.","Grazie. Abbiamo ricevuto il pagamento.",""
"<{mollie}prestashop>mollie_a34a6659bceae779f28185e757abfca5","AJAX","AJAX",""
"<{mollie}prestashop>mollie_4ca2c509994c2776d0880357b4e8e5be","Subscriptions","Abbonamenti",""
"<{mollie}prestashop>mollie_79b279ae50c49015bbc70cb91ed8e7c7","Subscription FAQ","FAQ Abbonamenti",""
"<{mollie}prestashop>mollie_f9c43173e5db74a01dd11ce73fbbb237","Payment link","Link di pagamento",""
"<{mollie}prestashop>mollie_da72870a79e82cbcbffe83612e5d7968","The module upload requires an extra refresh. Please upload the Mollie module ZIP file once again. If you still get this error message after attempting another upload, please contact Mollie support with this screenshot and they will guide through the next steps: info@mollie.com","Il caricamento del modulo richiede un ulteriore aggiornamento. La preghiamo di caricare nuovamente il file ZIP del modulo Mollie. Se continua a ricevere questo messaggio di errore dopo aver tentato un altro caricamento, può contattare il supporto Mollie con questo screenshot e le guideranno attraverso i prossimi passaggi: info@mollie.com",""
"<{mollie}prestashop>mollie_ab552f085567bbe63872c10a3596cd27","Payment error:","Errore di pagamento:",""
"<{mollie}prestashop>mollie_76303c4f7c410bdc9ac636c63ce2dd57","Customer must be logged in to buy subscription item.","Il cliente deve aver effettuato il login per acquistare l'elemento in abbonamento.",""
"<{mollie}prestashop>mollie_44572b4daf09470411df1b114f34472c","You can't remove address associated with subscription","Non è possibile rimuovere l'indirizzo associato all'abbonamento",""
"<{mollie}prestashop>subscriptionfaqcontroller_38af3b4b766a41e7abd5a67b30aa3252","Subscription creation","Creazione di abbonamento",""
"<{mollie}prestashop>subscriptionfaqcontroller_d24892cee2206a282f2da551c9b3a304","To create a subscription option for a product variation, assign it a Mollie subscription attribute.","Per creare un'opzione di abbonamento per una variazione di prodotto, assegnale un attributo di abbonamento Mollie.",""
"<{mollie}prestashop>subscriptionfaqcontroller_81c97809c908ee9375f3e00fca33ef83","IMPORTANT points","Punti IMPORTANTI",""
"<{mollie}prestashop>subscriptionfaqcontroller_3e069600ef900b2e98f23b727cd100cf","When you add Mollie subscription attributes, make sure you always include 'none' as a fallback.","Quando aggiunge gli attributi di abbonamento di Mollie, si assicuri di includere sempre 'nessuna' come opzione di riserva.",""
"<{mollie}prestashop>subscriptionfaqcontroller_c13d080743619c08b7490506b659d621","IMPORTANT subscription carrier points","Punti IMPORTANTI sul vettore per l'abbonamento ",""
"<{mollie}prestashop>subscriptionfaqcontroller_eb0b4ddca36b363a427bf335c5c3550f","Make sure to select default carrier for recurring orders in advanced settings.","Si assicuri di selezionare il vettore predefinito per gli ordini ricorrenti nelle impostazioni avanzate.",""
"<{mollie}prestashop>subscriptionfaqcontroller_b9aefba8e2f89d7bffc685b64aa0d736","Carrier should cover all supported shop regions.","Il vettore dovrebbe coprire tutte le regioni supportate dal negozio.",""
"<{mollie}prestashop>subscriptionfaqcontroller_4c47d0a7f71225d19b24b78aac64902f","Carrier cannot be changed after first subscription order is placed.","Il vettore non può essere cambiato dopo che è stato effettuato il primo ordine di abbonamento.",""
"<{mollie}prestashop>subscriptionfaqcontroller_0f6a3974ead9594357aab192664a7eb5","Selected carrier pricing/weight settings or carrier selection in Mollie should not change. If they do, subscription orders must be cancelled and carrier re-selected in module settings.","Le impostazioni di prezzo/peso del vettore selezionato o la selezione del vettore in Mollie non dovrebbero cambiare. Se ciò dovesse accadere, gli ordini in abbonamento devono essere annullati e il vettore deve essere nuovamente selezionato nelle impostazioni del modulo.",""
"<{mollie}prestashop>subscriptionfaqcontroller_3b8c8bf8ab2226d5a44454a20ad7fafb","Cart rules","Regole del carrello",""
"<{mollie}prestashop>subscriptionfaqcontroller_77667491a6d007a7062b669917599bbc","Do not use cart rules with subscription products as this will cause errors due to incorrect pricing.","Non utilizzare le regole del carrello con i prodotti in abbonamento per non incorrere in errori dovuti a prezzi errati.",""
"<{mollie}prestashop>subscriptionfaqcontroller_484f5a79672cebe198ebdde45a1d672f","Gift wrapping","Confezioni regalo",""
"<{mollie}prestashop>subscriptionfaqcontroller_f5f883e559bd9ec0885fc6397a5aedcc","Gift wrapping feature is not supported for subscription orders.","La funzione di confezione regalo non è supportata per gli ordini in abbonamento.",""
"<{mollie}prestashop>subscriptionfaqcontroller_ca1e79f242bd752219bcd277c81388c1","Recurring order creation","Creazione di ordini ricorrenti",""
"<{mollie}prestashop>subscriptionfaqcontroller_8d94b7e95d45f3794e5954d07096d1e6","Mollie for Prestashop automatically creates a new order when the previous order is paid for.","Mollie for Prestashop crea automaticamente un nuovo ordine quando l'ordine precedente viene pagato.",""
"<{mollie}prestashop>subscriptionfaqcontroller_fefdd14033551369993a8f0f381844b4","Recurring orders always use the product price that was specified when the related subscription was created.","Gli ordini ricorrenti utilizzano sempre il prezzo del prodotto specificato al momento della creazione del relativo abbonamento.",""
"<{mollie}prestashop>subscriptionfaqcontroller_8fd39e0e481c4f296e74f28779c7aee1","Recurring order will override the ?Method? payment setting and will be using Mollie?s Payment API.","L'ordine ricorrente sovrascriverà l'impostazione del ?Metodo? di pagamento e utilizzerà il Payments API di Mollie.",""
"<{mollie}prestashop>subscriptioncontroller_4a0df35e9183f634bdfda31938430cf4","Select the shop that you want to configure","Selezionare il negozio che desidera configurare",""
"<{mollie}prestashop>subscriptioncontroller_d397e034dae1adee47e6d4a91df4aa88","Failed to save options. Try again or contact support.","Impossibile salvare le opzioni. Riprovare o contattare l'assistenza.",""
"<{mollie}prestashop>subscriptioncontroller_d52009581ee35883c8d5fb0fb6e87bbf","Options saved successfully.","Opzioni salvate con successo.",""
"<{mollie}prestashop>subscriptioncontroller_6b7c88b7c128f8c430c993211ba24e06","Carrier not found","Vettore non trovato",""
"<{mollie}prestashop>subscriptioncontroller_78a9815ae364d67deb2b8427ea6c6a95","Successfully canceled","Annullato con successo",""
"<{mollie}prestashop>subscriptioncontroller_0e1248f1d840e05ee74190cb30e23c51","Failed to cancel subscription","Non è stato possibile annullare l'abbonamento",""
"<{mollie}prestashop>subscriptiongriddefinitionfactory_4ca2c509994c2776d0880357b4e8e5be","Subscriptions","Abbonamenti",""
"<{mollie}prestashop>subscriptiongriddefinitionfactory_b718adec73e04ce3ec720dd11a06a308","ID","ID",""
"<{mollie}prestashop>subscriptiongriddefinitionfactory_9bf79c7f10eadd0b612b8c354ad19bdc","Subscription ID","ID abbonamento",""
"<{mollie}prestashop>subscriptiongriddefinitionfactory_d37c2bf1bd3143847fca087b354f920e","Customer ID","ID cliente",""
"<{mollie}prestashop>subscriptiongriddefinitionfactory_f11b368cddfe37c47af9b9d91c6ba4f0","Full name","Nome e cognome",""
"<{mollie}prestashop>subscriptiongriddefinitionfactory_b5a7adde1af5c87d7fd797b6245c2a39","Description","Descrizione",""
"<{mollie}prestashop>subscriptiongriddefinitionfactory_ec53a8c4f07baed5d8825072c89799be","Status","Stato",""
"<{mollie}prestashop>subscriptiongriddefinitionfactory_0eede552438475bdfe820c13f24c9399","Total price","Prezzo totale",""
"<{mollie}prestashop>subscriptiongriddefinitionfactory_386c339d37e737a436499d423a77df0c","Currency","Valuta",""
"<{mollie}prestashop>subscriptiongriddefinitionfactory_06df33001c1d7187fdd81ea1f5b277aa","Actions","Azioni",""
"<{mollie}prestashop>subscriptiongriddefinitionfactory_ea4788705e6873b424c65e91c2846b19","Cancel","Annullare",""
"<{mollie}prestashop>subscriptiongriddefinitionfactory_805a483e4f806eb7f6d44661b90e0d76","Cancel selected subscription?","Annullare l'abbonamento selezionato?",""
"<{mollie}prestashop>subscriptionoptionstype_d27f3c2977da307854a974ade1316962","Choose your carrier","Selezionare il suo vettore",""
"<{mollie}prestashop>attributeinstaller_142d1355d40f10a77bb020f57efb2205","Failed to add attributes","Non è stato possibile aggiungere gli attributi",""
"<{mollie}prestashop>attributeuninstaller_90ff30630b1f92f3faab5e841e0743bf","Failed to delete attributes","Non è stato possibile cancellare degli attributi",""
"<{mollie}prestashop>abstractmolliecontroller_dbfd87145ffce60928d0790df013993d","Resource conflict","Conflitto di risorse",""
"<{mollie}prestashop>abstractmolliecontroller_8f8913c1f755436db84ae169e37c61f9","Internal error","Errore interno",""
"<{mollie}prestashop>formbuilder_c9cc8cce247e49bae79f15173ce97354","Save","Salva",""
"<{mollie}prestashop>formbuilder_0ba29c6a1afacf586b03a26162c72274","Environment","Ambiente",""
"<{mollie}prestashop>formbuilder_0cbc6611f5540bd0809a388dc95a615b","Test","Test",""
"<{mollie}prestashop>formbuilder_955ad3298db330b5ee880c2c9e6f23a0","Live","Live",""
"<{mollie}prestashop>formbuilder_4960b33741696799508da451687efccd","API Key Test","Test della chiave API",""
"<{mollie}prestashop>formbuilder_0b9b6233430526f6e791aec72fea349e","Go to your [1]Mollie account[/1] to get your API keys. They start with test and live.","Accedere al proprio [1]account Mollie[/1] per ottenere le chiavi API. Iniziano con test e live.",""
"<{mollie}prestashop>formbuilder_1460d8f2c6a41fef185dfbf0e09bc83a","Live API key","Chiave API live",""
"<{mollie}prestashop>formbuilder_0408302fc36580b66e3417aa178c7f1c","Test API key","Chiave API di test",""
"<{mollie}prestashop>formbuilder_48b55607a3eeefcff54c4ab448f97b19","Do you already have a Mollie account?","Ha già un account Mollie?",""
"<{mollie}prestashop>formbuilder_00d23a76e43b46dae9ec7aa9dcbebb32","Enabled","Abilitato",""
"<{mollie}prestashop>formbuilder_b9f5c797ebbf55adccdd8539a65a0241","Disabled","Disabilitato",""
"<{mollie}prestashop>formbuilder_9170bcfedaabf0c63ac0c83ce5858dc6","You can find your API key in your [1]Mollie Profile[/1]","Può trovare la sua chiave API nel suo [1]Profilo Mollie[/1]",""
"<{mollie}prestashop>formbuilder_646135a12f4ae070d40da46430daaded","API Key Live","Chiave API Live",""
"<{mollie}prestashop>formbuilder_7d0c43b98588c17b05056fc083510ab9","Use Mollie Components for credit cards","Utilizza Mollie Components per le carte di credito",""
"<{mollie}prestashop>formbuilder_bfc84235d9d3895be4cfa0ee0412af57","Read more about [1]Mollie Components[/1] and how it improves your conversion.","Leggere di più su [1]Mollie Components[/1] e come migliorano la conversione.",""
"<{mollie}prestashop>formbuilder_909af42213273854f58bea8d7808eb6b","Read more about Mollie Components and how it improves your conversion","Leggere di più su Mollie Components e come migliorano la conversione",""
"<{mollie}prestashop>formbuilder_9c9958bac135060c84f718c61923e6c5","Use one-click payments for credit cards","Utilizzare pagamenti con un solo clic per le carte di credito",""
"<{mollie}prestashop>formbuilder_92968265b3faf1ec015af33113d500c0","Read more about [1]Single Click Payments[/1] and how it improves your conversion.","Per saperne di più su [1]Pagamenti con un solo clic[/1] e come migliorano la conversione.",""
"<{mollie}prestashop>formbuilder_0da8d9a75492046bea7f314521e07cae","Payment methods","Metodi di pagamento",""
"<{mollie}prestashop>formbuilder_74dbaca44b19c1c92febdedec6166a49","[1]Read more[/1] about the differences between Payments and Orders API.","[1]Scopri di più[/1] sulle differenze tra Payments API e Orders API.",""
"<{mollie}prestashop>formbuilder_f61403acdc1d08c30cbcf22c618ca269","Only available with your Live API key and Payments API. [1]Learn more[/1] about QR Codes.","Disponibile solo con la sua chiave Live API e Payments API. [1]Per saperne di più[/1] sui codici QR.",""
"<{mollie}prestashop>formbuilder_32ab57c87500f2183d67824e6c87b47f","Use selected locale in webshop","Usa il locale selezionato nel webshop",""
"<{mollie}prestashop>formbuilder_de0cfd39a173ec704a040cc290a8efe6","Activate to use your shop's [1]locale[/1]. Otherwise, your shop uses the browser's locale. ","Attivare per utilizzare il [1]locale del negozio[/1]. Altrimenti, il negozio utilizza il locale del browser.",""
"<{mollie}prestashop>formbuilder_038ad19c73f8b677ecbe6c6b20d7629f","Use webshop locale","Utilizza il locale del webshop",""
"<{mollie}prestashop>formbuilder_94ba578e5e5d9aa8a86254825c7e1419","Use browser locale","Utilizza il locale del browser",""
"<{mollie}prestashop>formbuilder_92096d969b04d49647628839ec4f1135","Send order confirmation email","Invia l'e-mail di conferma dell'ordine",""
"<{mollie}prestashop>formbuilder_14e89590ba118ac8104d558332f0dfcb","When the order is paid","Quando l'ordine viene pagato",""
"<{mollie}prestashop>formbuilder_6e7b34fa59e1bd229b207892956dc41c","Never","Mai",""
"<{mollie}prestashop>formbuilder_c661f63930e98aaa930c2e9210181844","Select when to create the Order invoice","Selezionare quando creare la fattura dell'Ordine",""
"<{mollie}prestashop>formbuilder_7a1920d61156abc05a60135aefe8bc67","Default","Predefinito",""
"<{mollie}prestashop>formbuilder_feb60fbcfdaa2db807f0d1f9e48696b3","Authorised","Autorizzato",""
"<{mollie}prestashop>formbuilder_747cf5c8587184b9e489ff897d97c20d","Shipped","Spedito",""
"<{mollie}prestashop>formbuilder_7c4e7ada50c8572336f872fced4d1852","Status for %s payments","Stato per i pagamenti %s",""
"<{mollie}prestashop>formbuilder_e6bbc38dfcf7ef9277455126a3265ea2","`%s` payments get `%s` status","I pagamenti di `%s` ottengono lo stato di `%s`.",""
"<{mollie}prestashop>formbuilder_c7b8fe7d300a1931137ed822ca0bc039","Send email when %s","Invia un'e-mail a %s",""
"<{mollie}prestashop>formbuilder_ca8c581b923a595b83808bb3abfe3a1c","Send email when transaction status becomes %s?, self::FILE_NAME","Invia un'e-mail quando lo stato della transazione diventa %s?, self::FILE_NAME",""
"<{mollie}prestashop>formbuilder_7aace0dc23ee8b74744bdf79c98a2605","Skip this status","Saltare questo stato",""
"<{mollie}prestashop>formbuilder_33af8066d3c83110d4bd897f687cedd2","Order statuses","Stati dell'ordine",""
"<{mollie}prestashop>formbuilder_8bfe6d183da9aedb9d813187c08a0983","Visual settings","Impostazioni visive",""
"<{mollie}prestashop>formbuilder_fff0d600f8a0b5e19e88bfb821dd1157","Images","Immagini",""
"<{mollie}prestashop>formbuilder_ba5bb6d9e1e2c29692a2a765d8e36219","Show big, normal, or no payment method logos on checkout.","Mostra loghi dei metodi di pagamento grandi, normali o nessun logo al momento del checkout.",""
"<{mollie}prestashop>formbuilder_62a5e490880a92eef74f167d9dc6dca0","Hide","Nascondere",""
"<{mollie}prestashop>formbuilder_960b44c579bc2f6818d2daaf9e4c16f0","Normal","Normale",""
"<{mollie}prestashop>formbuilder_d491538da818a2ba11a3195ba035cfd3","Big","Grande",""
"<{mollie}prestashop>formbuilder_1547ffc579d657d13fd5fedf12cbfae5","CSS file","File CSS",""
"<{mollie}prestashop>formbuilder_13efb943fd692917410355eb926d24a2","Leave empty for the default stylesheet. Include the file path when applying custom CSS. You can use [1]{BASE}[/1], [1]{THEME}[/1], [1]{CSS}[/1], [1]{MOBILE}[/1], [1]{MOBILE_CSS}[/1], and [1]{OVERRIDE}[/1] for easy folder mapping.","Lasciare vuoto per il foglio di stile predefinito. Includere il percorso del file quando si applica un CSS personalizzato. È possibile utilizzare [1]{BASE}[/1], [1]{THEME}[/1], [1]{CSS}[/1], [1]{MOBILE}[/1], [1]{MOBILE_CSS}[/1] e [1]{OVERRIDE}[/1] per facilitare la mappatura delle cartelle.",""
"<{mollie}prestashop>formbuilder_1191f888f0cc23f95aa77aacb094503b","Shipment information","Informazioni sulla spedizione",""
"<{mollie}prestashop>formbuilder_2526a2ff1547e6fe751081693d8631af","Automatically ship on marked statuses","Spedisci automaticamente sugli stati contrassegnati",""
"<{mollie}prestashop>formbuilder_006a37d93d3c3fb1b097dcf477f84a99","Enable to automatically send shipment information when an order gets a marked status.","Abilita per inviare automaticamente le informazioni sulla spedizione quando un ordine ottiene uno stato contrassegnato.",""
"<{mollie}prestashop>formbuilder_c1df8a5243557cbd8a7a31c11aab3db4","Automatically ship when one of these statuses is reached","Spedisci automaticamente quando uno di questi stati è raggiunto",""
"<{mollie}prestashop>formbuilder_457407a27f479866bdc59408d4fdc988","If an order reaches one of these statuses, the module automatically sends shipment information","Se un ordine raggiunge uno di questi stati, il modulo invia automaticamente le informazioni sulla spedizione.",""
"<{mollie}prestashop>formbuilder_498f79c4c5bbde77f1bceb6c86fd0f6d","Show","Mostra",""
"<{mollie}prestashop>formbuilder_4695fd3a22023ab53a2151f797975ff8","Disable this status","Disattivare questo stato",""
"<{mollie}prestashop>formbuilder_dc6e4b439165a4e104c9f3cbfcfe2797","Debug level","Livello di debug",""
"<{mollie}prestashop>formbuilder_500aa80d6aea3cc9701b566c5f92ed91","Display errors","Mostra errori",""
"<{mollie}prestashop>formbuilder_cab709fdb87c17638983cc611a0bd2b9","Enable to display full error messages in the webshop. Only use this for debugging.","Abilita per mostrare i messaggi di errore completi nel negozio online. Utilizzare solo per il debugging.",""
"<{mollie}prestashop>formbuilder_e5114c4b69585ba5883d456a74c1cd5d","Log level","Livello di log",""
"<{mollie}prestashop>formbuilder_921a6d905eef99631c9c73c317799e62","Recommended level: Errors. Set to Everything to monitor incoming webhook requests. [1]View logs.[/1]","Livello raccomandato: Errori. Imposta su Tutto per monitorare le richieste webhook in arrivo. [1]Visualizza i log.[/1]",""
"<{mollie}prestashop>formbuilder_f80a4ad87fee7c9fdc19b7769495fdb5","Nothing","Nessuno",""
"<{mollie}prestashop>formbuilder_5ef0c737746fae2ca90e66c39333f8f6","Errors","Errori",""
"<{mollie}prestashop>formbuilder_709468af25e91284821d1bdbfdded24c","Everything","Tutto",""
"<{mollie}prestashop>formbuilder_de62775a71fc2bf7a13d7530ae24a7ed","General settings","Impostazioni generali",""
"<{mollie}prestashop>formbuilder_fe4c6a5e7bd6793b37370e4e46daf998","Advanced settings","Impostazioni avanzate",""
"<{mollie}prestashop>countryservice_b1c94ca2fbc3e78fc30069c8d0f01680","All","Tutti",""
"<{mollie}prestashop>mailservice_ed13b3693357ebed3751cb71cb639e65","No carrier","Nessun vettore",""
"<{mollie}prestashop>mailservice_fca7e8d1c86db11246e429e40aa10c81","New voucher for your order %s","Nuovo buono per il suo ordine %s",""
"<{mollie}prestashop>exceptionservice_c2f73af3130be4b4967a475ab846c546","An error occurred while initializing your payment. Please contact our customer support.","Si è verificato un errore durante l'inizializzazione del pagamento. La preghiamo di contattare il nostro servizio clienti.",""
"<{mollie}prestashop>exceptionservice_8fd8f922a86b3622988898a8da551885","It looks like you have entered incorrect phone number format in billing address step. Please change the number and try again.","Sembra che abbia inserito un formato di numero di telefono errato nel passaggio dell'indirizzo di fatturazione. La preghiamo di modificare il numero e riprovare.",""
"<{mollie}prestashop>exceptionservice_68b9bbd9d890e51e2127e4e90b0b5b5f","It looks like you have entered incorrect phone number format in shipping address step. Please change the number and try again.","Sembra che abbia inserito un formato di numero di telefono errato nel passaggio dell'indirizzo di spedizione. La preghiamo di modificare il numero e riprovare.",""
"<{mollie}prestashop>exceptionservice_108f5defcbead775ce45ff2a78e588e5","Chosen payment option is unavailable for your order total amount. Please consider using other payment option and try again.","L'opzione di pagamento scelta non è disponibile per l'importo totale del suo ordine. La preghiamo di considerare un'altra opzione di pagamento e riprovare.",""
"<{mollie}prestashop>exceptionservice_937929bed64aacbd3993a735493efeef","Shipment information cannot be sent. Order reference (%s) has no shipping information.","Le informazioni sulla spedizione non possono essere inviate. L'ordine di riferimento (%s) non contiene informazioni di spedizione.",""
"<{mollie}prestashop>exceptionservice_9a0534c60f4e5a21b1f454e768b88870","Shipment information cannot be sent. Order reference (%s) has no payment information.","Le informazioni sulla spedizione non possono essere inviate. L'ordine di riferimento (%s) non contiene informazioni di pagamento.",""
"<{mollie}prestashop>exceptionservice_297b3145aec456c3df61ac592533196d","Shipment information cannot be sent. Order reference (%s) is a regular payment.","Le informazioni sulla spedizione non possono essere inviate. L'ordine di riferimento (%s) è un pagamento regolare.",""
"<{mollie}prestashop>exceptionservice_90d4e1683d6b1745120d0a254d58e4ea","Unknown exception in Mollie","Eccezione sconosciuta in Mollie",""
"<{mollie}prestashop>settingssaveservice_1f93fc361bfc627c89a46e1b6c28df2b","The API key needs to start with test or live.","La chiave API deve iniziare con test o live.",""
"<{mollie}prestashop>settingssaveservice_3edebc882ca3c4ed5346f3daa6c60f45","Wrong API Key!","Chiave API sbagliata!",""
"<{mollie}prestashop>settingssaveservice_d0fb18e6788aea02c962decbe15918ab","Something went wrong. Couldn't save your payment methods","Qualcosa è andato storto. Non è stato possibile salvare i metodi di pagamento",""
"<{mollie}prestashop>settingssaveservice_1437630a92a84bc747757e3f1022ee04","Grant permissions for the folder or visit [1]ApplePay[/1] to see how it can be added manually","Conceda i permessi per la cartella o visiti [1]ApplePay[/1] per vedere come aggiungerla manualmente.",""
"<{mollie}prestashop>settingssaveservice_342886361b594a2909b0e3b6bf9a5408","There are issues with your authorizable payment statuses, please try resetting Mollie module.","Ci sono problemi con i suoi stati di pagamento autorizzabili, la preghiamo di provare a reimpostare il modulo Mollie.",""
"<{mollie}prestashop>settingssaveservice_6ab1adfed768d989b47c908755fe677f","The configuration has been saved!","La configurazione è stata salvata!",""
"<{mollie}prestashop>refundservice_7d4272540fdafa5fad96a0a6ec5166df","The order could not be refunded!","L'ordine non poteva essere rimborsato!",""
"<{mollie}prestashop>refundservice_ccb168b5a6a86eb100dc2dee754a316b","Reason:","Motivo:",""
"<{mollie}prestashop>refundservice_e12682d2e0650f2783b22d956d2b947a","The order has been refunded!","L'ordine è stato rimborsato!",""
"<{mollie}prestashop>refundservice_88928f236ceccc4c2e0f2eb643d85341","Mollie will transfer the amount back to the customer on the next business day.","Mollie trasferirà l'importo al cliente il giorno lavorativo successivo.",""
"<{mollie}prestashop>refundservice_65718b7293759bcf2ca7257aba3d3179","The product(s) could not be refunded!","Non è stato possibile rimborsare i prodotti!",""
"<{mollie}prestashop>languageservice_e0010a0a1a3259ab5c06a19bad532851","Paid","Pagato",""
"<{mollie}prestashop>languageservice_07ca5050e697392c9ed47e6453f1453f","Completed","Completato",""
"<{mollie}prestashop>languageservice_a206428462686af481cb072b8db11784","Authorized","Autorizzato",""
"<{mollie}prestashop>languageservice_0e22fe7d45f8e5632a4abf369b24e29c","Canceled","Annullato",""
"<{mollie}prestashop>languageservice_24fe48030f7d3097d5882535b04c3fa8","Expired","Scaduto",""
"<{mollie}prestashop>languageservice_cc61945cbbf46721a053467c395c666f","Refunded","Rimborsato",""
"<{mollie}prestashop>languageservice_c3bf447eabe632720a3aa1a7ce401274","Open","Aperto",""
"<{mollie}prestashop>languageservice_c7bece6685d4556fcb8dfdcd72d720f5","Awaiting","In attesa",""
"<{mollie}prestashop>languageservice_9f004157e4c148dac71da3ae5906351f","Partially refunded","Parzialmente rimborsato",""
"<{mollie}prestashop>languageservice_a7b2273fe3a1293885769855e2f3e6ba","Chargeback","Chargeback",""
"<{mollie}prestashop>languageservice_020c2091aec3019d02193cef080bcf97","Payment fee","Commissione di pagamento",""
"<{mollie}prestashop>languageservice_ea9cf7e47ff33b2be14e6dd07cbcefc6","Shipping","Spedizione",""
"<{mollie}prestashop>languageservice_484f5a79672cebe198ebdde45a1d672f","Gift wrapping","Confezioni regalo",""
"<{mollie}prestashop>languageservice_e2b7dec8fa4b498156dfee6e4c84b156","This payment method is not available.","Questo metodo di pagamento non è disponibile.",""
"<{mollie}prestashop>cancelservice_324b178753a80ddbe85bc5c2bc64636c","The product(s) could not be canceled!","Non è stato possibile annullare i prodotti!",""
"<{mollie}prestashop>shipservice_0f251428a8b2c8c90b0f8d8bbd6556cd","The product(s) could not be shipped!","Non è stato possibile spedire i prodotti!",""
"<{mollie}prestashop>molliepaymentmailservice_4c35c2333b8091a076a4c2d1db8709e1","Failed to created second chance email!","Non è stato possibile creare l'email di seconda possibilità!",""
"<{mollie}prestashop>molliepaymentmailservice_0c278e7f327f2058a1b759691f838de2","Failed to create second chance email - API error","Non è stato possibile creare un'e-mail di seconda possibilità - errore API",""
"<{mollie}prestashop>molliepaymentmailservice_f8347b8a83efc618a7d74089a58a351d","Failed to send second chance email! Order is already paid!","Non è stato possibile inviare l'e-mail di seconda possibilità! L'ordine è già stato pagato!",""
"<{mollie}prestashop>molliepaymentmailservice_21ca2c7b403a7963dc174b3892a10bc7","Second chance email was successfully send!","L'e-mail di seconda possibilità è stata inviata con successo!",""
"<{mollie}prestashop>molliepaymentmailservice_7d4e9f222469e74d17fde11ca66e587e","Failed to send second chance email! Order is already paid or expired!","Non è stato possibile inviare l'e-mail di seconda possibilità! L'ordine è già stato pagato o è scaduto!",""
"<{mollie}prestashop>orderlistactionbuilder_5678cf484b844064515349752b1ccb18","You will resend email with payment link to the customer","Invierà nuovamente un'email con il link di pagamento al cliente",""
"<{mollie}prestashop>updatemessageprovider_048ef1905ff33382d7660a68a6199305","Warning: Could not retrieve update xml file from github.","Attenzione: Non è stato possibile recuperare il file xml di aggiornamento da github.",""
"<{mollie}prestashop>updatemessageprovider_711d42f319398490b32cd0e2f0b8ccb8","Warning: Update xml file from github follows an unexpected format.","Attenzione: Il file xml di aggiornamento da github segue un formato inaspettato.",""
"<{mollie}prestashop>idealpaymentoptionprovider_0b135af05e690cf2fca288a143759716","Payment Fee: %1s","Commissione di pagamento: %1s",""
"<{mollie}prestashop>bancontactpaymentoptionprovider_0b135af05e690cf2fca288a143759716","Payment Fee: %1s","Commissione di pagamento: %1s",""
"<{mollie}prestashop>creditcardpaymentoptionprovider_0b135af05e690cf2fca288a143759716","Payment Fee: %1s","Commissione di pagamento: %1s",""
"<{mollie}prestashop>creditcardsingleclickpaymentoptionprovider_0b135af05e690cf2fca288a143759716","Payment Fee: %1s","Commissione di pagamento: %1s",""
"<{mollie}prestashop>basepaymentoptionprovider_0b135af05e690cf2fca288a143759716","Payment Fee: %1s","Commissione di pagamento: %1s",""
"<{mollie}prestashop>createapplepayorderhandler_01d98a6c787e997dcb1c2e65935dcea2","Failed to create mollie transaction.","Non è stato possibile creare una transazione Mollie.",""
"<{mollie}prestashop>createapplepayorderhandler_f551e100249d06979879b69762f7370e","Couldn't find order by cart.","Non è stato possibile trovare l'ordine corrispondente al carrello.",""
"<{mollie}prestashop>installer_8aef54a7e234af543698d0eb818e576a","Unable to install Mollie statuses","Non è stato possibile installare gli stati di Mollie",""
"<{mollie}prestashop>installer_2a1cc1f6a56903156703cf4f997a640f","Unable to install config","Non è stato possibile installare la configurazione",""
"<{mollie}prestashop>installer_a473868cd56c59f4cee5d511a29ef3f8","Unable to install default carrier statuses","Non è stato possibile installare gli stati predefiniti del vettore",""
"<{mollie}prestashop>installer_77240e73b3e9b64c47052880f87b6a8b","Unable to install voucher attributes","Non è stato possibile installare gli attributi del voucher",""
"<{mollie}prestashop>installer_407748408f99fed49e067dee67df619c","Could not copy email templates:","Non è stato possibile copiare i modelli di e-mail:",""
"<{mollie}prestashop>applepaydirectcertificatehandler_5e3e4ef8f2ed24f34757f4bea44660d6","Failed to create dir for apple pay direct certificate","Non è stato possibile creare una directory per il certificato apple pay direct",""
"<{mollie}prestashop>applepaydirectcertificatehandler_6d1a1343d17c6e8aa72d0e4c7b0fe6a6","Can't create folder because of missing write permissions: ","Non è stato possibile creare una cartella perché mancano i permessi di scrittura:",""
"<{mollie}prestashop>applepaydirectcertificatehandler_4b2c49344e2ee0dfb2fe0187e85006b5","Failed to copy apple pay direct certificate","Non è stato possibile copiare il certificato apple pay direct",""
"<{mollie}prestashop>adminmollieajaxcontroller_0753ca16446b5bbb04afc9e00a079415","Upload a .jpg or .png file.","Caricare un file .jpg o .png.",""
"<{mollie}prestashop>adminmollieajaxcontroller_bfe103d948d5f7e7126aa1a13220d79e","Something went wrong when uploading your logo.","Si è verificato un errore durante il caricamento del logo.",""
"<{mollie}prestashop>adminmollieajaxcontroller_19db85bb27b89b6db9c3d46295710160","No fee was submitted.","Nessuna commissione è stata inviata.",""
"<{mollie}prestashop>adminmollieajaxcontroller_038385a2334e67fa21ec3f7fcb08fa12","Invalid fee","Commissione non valida",""
"<{mollie}prestashop>adminmollieajaxcontroller_2969822535b8feef4920d105ae37ec6a","Missing tax rules group ID","ID gruppo regole fiscali mancante",""
"<{mollie}prestashop>adminmolliesettingscontroller_329d067eb590f966ceeaed2bacf99d8e","Please upgrade Mollie module","Aggiornare il modulo Mollie",""
"<{mollie}prestashop>adminmolliesettingscontroller_4a0df35e9183f634bdfda31938430cf4","Select the shop that you want to configure","Selezionare il negozio che si desidera configurare",""
"<{mollie}prestashop>adminmolliesettingscontroller_56ce2a4e08c9d84441b90ab4c4b66f84","Select an order status for \"Status for Awaiting payments\""" in the \"""Advanced settings\""" tab""","Selezionare lo stato dell'ordine per \"Stato in attesa di pagamento\""" nella scheda \"""Impostazioni avanzate\""".",""
"<{mollie}prestashop>adminmolliesettingscontroller_a50d3d131d9daa7a4bbc3dc0aa71eeec","Enter a description","Inserire una descrizione",""
"<{mollie}prestashop>adminmolliesettingscontroller_79e5e3c4ae741f839d9fba86491af0bd","You have entered incorrect min amount","L'importo minimo inserito non è corretto",""
"<{mollie}prestashop>adminmolliesettingscontroller_9f828c1c1bfd9a00710a62b9db1ae9f0","You have entered incorrect max amount","L'importo massimo inserito non è corretto",""
"<{mollie}prestashop>adminmolliesettingscontroller_dc89c7013e3451362e42e6507e9495c5","Upload an image %s%x%s1%","Caricare un'immagine %s%x%s1%",""
"<{mollie}prestashop>adminmolliesettingscontroller_29c9f9173adc3f11dce098b8095234bc","Invalid file: %s%","File non valido: %s%",""
"<{mollie}prestashop>adminmolliesettingscontroller_6c8c16f8a394066a8f3f0a56597eb56a","The database tables are missing. Reset the module.","Le tabelle del database sono mancanti. Reimpostare il modulo.",""
"<{mollie}prestashop>ajax_96b0141273eabab320119c467cdcaf17","Total","Totale",""
"<{mollie}prestashop>ajax_adc852563bca51fb6b10c7905010406d","Total (tax incl.)","Totale (tasse incluse)",""
"<{mollie}prestashop>ajax_8faf99e02e4d0ccb4dd933404f87a4ea","Total (tax excl.)","Totale (tasse escluse)",""
"<{mollie}prestashop>ajax_f6b587bf6c679ef85d87081927d93836","Please note: Only one subscription product can be added to the cart at a time.","Attenzione: è possibile aggiungere al carrello un solo prodotto in abbonamento alla volta.",""
"<{mollie}prestashop>ajax_37978ed65eed73bebb3e77f81b3eb645","Subscription service is disabled. Please change the attribute to Subscription: none.","Il servizio di abbonamento è disattivato. Modificare l'attributo a Abbonamento: nessuno.",""
"<{mollie}prestashop>ajax_95519f54dae99dd8640138bf750a2179","Unknown error. Try again or change the attribute to Subscription: none.","Errore sconosciuto. Riprovare o modificare l'attributo a Abbonamento: nessuno.",""
"<{mollie}prestashop>recurringorderdetail_719998bd6f56db26319fa391238b21ac","Error: token invalid.","Errore: token non valido.",""
"<{mollie}prestashop>recurringorderdetail_d9db35b2599c7346411609d265ef48fe","Failed to get new payment method. ","Non è stato possibile ottenere il nuovo metodo di pagamento.",""
"<{mollie}prestashop>recurringorderdetail_669d84e5441cf94ef5ad7e454f862fc8","Failed to get recurring order.","Non è stato possibile ottenere un ordine ricorrente.",""
"<{mollie}prestashop>recurringorderdetail_ace46baf149d2cd3e72e9e2d7e9030dd","Successfully canceled subscription.","L'abbonamento è stato annullato con successo.",""
"<{mollie}prestashop>payment_70f9483ea2c46793fa11a5e1db1ba26f","An error occurred when creating your payment. Contact customer support.","Si è verificato un errore durante la creazione del pagamento. Contattare l'assistenza clienti.",""
"<{mollie}prestashop>payment_e6147f750d52d1483872fd56ff219067","Failed to save order information.","Non è stato possibile salvare le informazioni dell'ordine.",""
"<{mollie}prestashop>return_4800c6edcc3810ee9c82cb22083c9f2e","There is no order with this ID.","Non esiste un ordine con questo ID.",""
"<{mollie}prestashop>return_56a6035a7e7c1e1afa8169517367462d","The payment is still being processed. You'll be notified when the bank or merchant confirms the payment./merchant.","Il pagamento è ancora in fase di elaborazione. Riceverà una notifica quando la banca o il commerciante confermeranno il pagamento./commerciante.",""
"<{mollie}prestashop>return_5c9322dc182e8bea0b6c472495469227","You're not authorised to see this page.","Non è autorizzato a visualizzare questa pagina.",""
"<{mollie}prestashop>return_4eb09eb8686ff437b3d31cd5aa2f5bbf","Your payment was not successful. Try again.","Il pagamento non è andato a buon fine. La preghiamo di riprovare.",""
"<{mollie}prestashop>return_e854fe62ab224e46276912a3514ca2b0","The payment failed because the order and payment amounts are different. Try again.","Il pagamento non è riuscito perché gli importi dell'ordine e del pagamento sono diversi. La preghiamo di riprovare.",""
"<{mollie}prestashop>return_b34487c5f391f47b893ee3c61f8f9ab7","We have not received a definite payment status. You will be notified as soon as we receive a confirmation of the bank/merchant.","Non abbiamo ricevuto uno stato di pagamento definitivo. Riceverà una notifica non appena riceveremo la conferma dalla banca/commerciante.",""
"<{mollie}prestashop>api_test_results_7e3305352e66d78619cf51140c3d77a7","Test API key: Failed! Key must start with test_.","Test chiave API: Fallito! La chiave deve iniziare con test_.",""
"<{mollie}prestashop>api_test_results_8b4a27e207907c6eae2af4c520ed6847","Test API key: Successful!","Test chiave API: Riuscito!",""
"<{mollie}prestashop>api_test_results_06c42c0313dd08aa55b929e9611e9180","Enabled Methods:","Metodi abilitati:",""
"<{mollie}prestashop>api_test_results_d08f64a86a82229769819777bc1867a7","Test API key: Failed! Key does not exist.","Test chiave API: Fallito! La chiave non esiste.",""
"<{mollie}prestashop>api_test_results_a4f4ff12086e1ed2e2a08e44f40bee7e","Live API key: Failed! Key must start with live_.","Chiave API live: Fallita! La chiave deve iniziare con live_.",""
"<{mollie}prestashop>api_test_results_2360a37494efa46ba19353f395759f61","Live API key: Successful!","Chiave API live: Riuscito!",""
"<{mollie}prestashop>api_test_results_d8ee1e19be219a7bd9b234f04637e439","Live API key: Failed! Key does not exist.","Chiave API live: Fallita! La chiave non esiste.",""
"<{mollie}prestashop>invoice_description_c661f63930e98aaa930c2e9210181844","Select when to create the Order invoice","Selezionare quando creare la fattura dell'Ordine",""
"<{mollie}prestashop>invoice_description_5aa6fbc3548a8e2925de1e8e69897d34","Default: The invoice is created based on Order settings > Statuses. There is no custom status created.","Predefinito: La fattura viene creata in base alle Impostazioni dell'ordine > Stati. Non viene creato uno stato personalizzato.",""
"<{mollie}prestashop>invoice_description_cd2e6d0dbf60a94bb38b522ac80ee9eb","Authorised: Create a full invoice when the order is authorized. Custom status is created.","Autorizzato: Crea una fattura completa quando l'ordine è autorizzato. Viene creato uno stato personalizzato.",""
"<{mollie}prestashop>invoice_description_fc397a4bb3def49c285df7311261498d","On Shipment: Create a full invoice when the order is shipped. Custom status is created.","Alla spedizione: Crea una fattura completa quando l'ordine viene spedito. Viene creato uno stato personalizzato.",""
"<{mollie}prestashop>invoice_fee_020c2091aec3019d02193cef080bcf97","Payment fee","Commissione di pagamento",""
"<{mollie}prestashop>email_checkbox_b78daad7755ecce594af1e90afc0c2a9","Send a payment email to the customer. (Will be sent after creating the order)","Inviare un'e-mail di pagamento al cliente. (Verrà inviata dopo la creazione dell'ordine)",""
"<{mollie}prestashop>new_release_584b9a7e2030fae4a7ddae4d5825bd99","You are currently using version %s of this module. The latest version is %s.","Sta attualmente utilizzando la versione %s di questo modulo. L'ultima versione è %s.",""
"<{mollie}prestashop>new_release_fcf6bb33e06a5cdf71a4a630ab9451f8","[1]Update[/1] the module to enjoy the latest features.","[1]Aggiornare[/1] il modulo per usufruire delle ultime funzionalità.",""
"<{mollie}prestashop>create_new_account_link_936ccdb97115e9f35a11d35e3d5b5cad","Click here","Clicca qui",""
"<{mollie}prestashop>create_new_account_link_6e339c3dbc6cbc279b54ffb5e8292884","to create an account","per creare un account",""
"<{mollie}prestashop>form_26ce015f99bef6d5de2142b2b774525f","Developed by Invertus","Sviluppato da Invertus",""
"<{mollie}prestashop>form_1c04b154909c88cfc62b3362c88445af"," - the most technically advanced agency in the PrestaShop ecosystem.","- l'agenzia più avanzata tecnicamente dell'ecosistema PrestaShop.",""
"<{mollie}prestashop>form_0f13aa29b5bc9e8a1b6597dc5987ea46","Go to Mollie help centre","Vai al centro di assistenza Mollie",""
"<{mollie}prestashop>form_1c2e79c1715dbe3f3208a7991abc50f0","Contact Mollie","Contatta Mollie",""
"<{mollie}prestashop>form_2d059d2c499450d4e083d28f5f47f63d","Contact Invertus","Contatta Invertus",""
"<{mollie}prestashop>form_00d23a76e43b46dae9ec7aa9dcbebb32","Enabled","Abilitato",""
"<{mollie}prestashop>form_bafd7322c6e97d25b6299b5d6fe8920b","No","No",""
"<{mollie}prestashop>form_93cba07454f06a4a960172bbd6e2a435","Yes","Sì",""
"<{mollie}prestashop>form_b61254f89b6f2ef061fb628f04a93fe8","Apple Pay Direct product page ","Pagina del prodotto Apple Pay Direct",""
"<{mollie}prestashop>form_9fa70bd7cc082c6eafd9f6c04782de2c","Apple Pay Direct cart page ","Pagina del carrello Apple Pay Direct",""
"<{mollie}prestashop>form_020f1a50a78b13a12f304d64dda57020","Apple Pay Direct button style","Stile del pulsante Apple Pay Direct",""
"<{mollie}prestashop>form_9c12f952ca3695bb3043ddcc0ceaaf80","QR code","Codice QR",""
"<{mollie}prestashop>form_b78a3223503896721cca1303f776159b","Title","Titolo",""
"<{mollie}prestashop>form_4c3880bb027f159e801041b1021e88e8","Method","Metodo",""
"<{mollie}prestashop>form_8c2b4949d892b39b236545951f10bbd4","Payments API","Payments API",""
"<{mollie}prestashop>form_a8b0255f70ecc140a1b5134ae5217e51","Orders API","Orders API",""
"<{mollie}prestashop>form_cb6c048266284ce0a4036f435849e7d1","Transaction description","Descrizione della transazione",""
"<{mollie}prestashop>form_049068ab66bb1411469a8399aa624a29","Use any of the following variables to create a transaction description for payments that use this method:","Utilizzare una delle seguenti variabili per creare una descrizione della transazione per i pagamenti che utilizzano questo metodo:",""
"<{mollie}prestashop>form_9e9e2ae89ca753fd8529d1af55867f2d","Accept payments from:","Accettare pagamenti da:",""
"<{mollie}prestashop>form_c3987e4cac14a8456515f0d200da04ee","All countries","Tutti i paesi",""
"<{mollie}prestashop>form_7c160ccb02560f1adb25fb6b86d9ebce","Selected countries","Paesi selezionati",""
"<{mollie}prestashop>form_82dae25b510c71eeeb41e72f005977fc","Accept payments from specific countries:","Accettare pagamenti da paesi specifici:",""
"<{mollie}prestashop>form_43c7d89bbf53d68bea0c63205848d87a","Exclude payments from specific countries:","Escludere i pagamenti da specifici paesi:",""
"<{mollie}prestashop>form_020c2091aec3019d02193cef080bcf97","Payment fee","Commissione di pagamento",""
"<{mollie}prestashop>form_87ab78d85f4f0f5143ed2e549719bc45","No fee","Nessuna commissione",""
"<{mollie}prestashop>form_dc7d3d42b2b2b79bf2711799b38f2543","Fixed fee","Commissione fissa",""
"<{mollie}prestashop>form_37be07209f53a5d636d5c904ca9ae64c","Percentage","Percentuale",""
"<{mollie}prestashop>form_9e984321e77b6a6ce8ef2844df646085","Combined payment surcharge limit","Limite combinato per supplemento di pagamento",""
"<{mollie}prestashop>form_a6e220d6f8929d250e7637c45f4f781f","Add \"(payment_fee}\""" in email translations to display it in your email template. For more information","Aggiungere \"(payment_fee}}"" nelle traduzioni e-mail per visualizzarle nel suo modello di e-mail. Per ulteriori informazioni",""
"<{mollie}prestashop>form_0b8d92bc19b720bb1065649535463409","Translations","Traduzioni",""
"<{mollie}prestashop>form_06c01c4462adf64483f4563530b5fea4","Include taxes in the total payment fee","Includere le tasse nella commissione totale del pagamento",""
"<{mollie}prestashop>form_cc5aba4e257ea02c1f8b8b566eab0d81","Fixed fee (tax incl)","Commissione fissa (tasse incluse)",""
"<{mollie}prestashop>form_3e2843c31ec8d64ed7731733c0a8776c","Fixed fee (tax excl)","Commissione fissa (tasse escluse)",""
"<{mollie}prestashop>form_74dfbb3dcf80ca484183092d1ec4c6fc","Tax rules group for fixed fee","Gruppo regole fiscali per commissione fissa",""
"<{mollie}prestashop>form_e457ab8b899c330b05e1bbe6539a50df","Percentage fee","Quota percentuale",""
"<{mollie}prestashop>form_a1eeaac9cc0281aa432a7503fd79c340","Maximum fee","Commissione massima",""
"<{mollie}prestashop>form_80a2645c681d607705f5baab7cf7d2cb","Min amount","Importo minimo",""
"<{mollie}prestashop>form_a14ecf18ea57e0ae5ebcd930102d7cbd","Default min amount in mollie is:","L'importo minimo predefinito in Mollie è:",""
"<{mollie}prestashop>form_7d48ddaff550ef9e47ed788f50d860e7","Max amount","Importo massimo",""
"<{mollie}prestashop>form_8e680f4d04edd57a82330efe361bf3a6","Default max amount has no limitation","L'importo massimo predefinito non ha limitazioni",""
"<{mollie}prestashop>form_521c2e0375d1b1266cbb0418d5ff32a9","Default max amount in mollie is:","L'importo massimo predefinito in Mollie è:",""
"<{mollie}prestashop>form_d91f2eea3f7396346614c62eac89544a","Use custom logo","Utilizzare un logo personalizzato",""
"<{mollie}prestashop>form_285cd00bd164be38b93c8a198155f12f","Upload custom logo","Caricare un logo personalizzato",""
"<{mollie}prestashop>form_58be4de806253a6ee411b6c0c99296c7","Add file","Aggiungere file",""
"<{mollie}prestashop>form_4babe7767cf1639749b60d70ffaf6571","Use a .png or .jpg file of up to 256x64 pixels","Utilizzare un file .png o .jpg fino a 256x64 pixel.",""
"<{mollie}prestashop>form_37b9d37be8a47e970b04fe5c29ff77c7","Your custom logo","Il suo logo personalizzato",""
"<{mollie}prestashop>form_3adbdb3ac060038aa0e6e6c138ef9873","Category","Categoria",""
"<{mollie}prestashop>form_6adf97f83acf6453d4a6a4b1070f3754","None","Nessuno",""
"<{mollie}prestashop>form_d9ed7694f0cdbc0ce83246bc1db2d789","meal","pasto",""
"<{mollie}prestashop>form_a0ec3b461abf4bc16ad615481260140e","gift","regalo",""
"<{mollie}prestashop>form_e434dd9c7f573fb03924e0c4d3d44d45","eco","eco",""
"<{mollie}prestashop>form_8e7a0855b5c921c5172c41d27047b446","Select a category to use for all products in your webshop.","Selezionare una categoria da utilizzare per tutti i prodotti del suo webshop.",""
"<{mollie}prestashop>form_f12cef06d777d5540450d316354948ae","Configure the shipment information to send to Mollie","Configurare le informazioni sulla spedizione da inviare a Mollie",""
"<{mollie}prestashop>form_078436e14998fc6f6b6668ac2f523bbb","You can use the following variables for the carrier URLs","Può utilizzare le seguenti variabili per gli URL del vettore",""
"<{mollie}prestashop>form_910d956cb2615e5739ac06c7f08fba26","Shipping number","Numero di spedizione",""
"<{mollie}prestashop>form_e7e862a02819a1610f271ffea15ed47d","Billing country code","Codice paese di fatturazione",""
"<{mollie}prestashop>form_5723a18d8a8a6052a57489df5be59a8f","Billing postcode","Codice postale di fatturazione",""
"<{mollie}prestashop>form_0d12e3c554976ad1f76c5db2b6c127ad","Shipping country code","Codice del paese di spedizione",""
"<{mollie}prestashop>form_c824a8b18f09dc7e58bacf446be6735c","Shipping postcode","Codice postale di spedizione",""
"<{mollie}prestashop>form_0a867177f4a701a9f33de5ab21c42593","2-letter language code","Codice lingua a 2 lettere",""
"<{mollie}prestashop>form_49ee3087348e8d44e1feda1917443987","Name","Nome",""
"<{mollie}prestashop>form_cefb9190a0a2b3301f3e4d44ad14e6c0","URL source","Fonte URL",""
"<{mollie}prestashop>form_812a48ba719daeda82e4da8e812d426c","Custom URL","URL personalizzato",""
"<{mollie}prestashop>form_962b59a5f12eabd9c05f11b5f0aada85","Do not automatically ship","Non spedire automaticamente",""
"<{mollie}prestashop>form_703490ffd308d337cd5aac50567e9670","No tracking information","Nessuna informazione sulla tracciabilità",""
"<{mollie}prestashop>form_de28ef21a06f3978c05f3d808b15eaab","Carrier URL","URL del vettore",""
"<{mollie}prestashop>form_e55f75a29310d7b60f7ac1d390c8ae42","Module","Modulo",""
"<{mollie}prestashop>form_da93de158db2fbe49f35f6038711584a","This option is not required for the currently selected API","Questa opzione non è necessaria per l'API attualmente selezionato.",""
"<{mollie}prestashop>form_218fb15ca7f2db8aa36080323a038828","This option is not required for the selected API","Questa opzione non è necessaria per l'API selezionata",""
"<{mollie}prestashop>form_498f79c4c5bbde77f1bceb6c86fd0f6d","Show","Mostra",""
"<{mollie}prestashop>form_62a5e490880a92eef74f167d9dc6dca0","Hide","Nascondere",""
"<{mollie}prestashop>form_c266b1bce5e949cf41b5951f747862a5","No Mollie payment methods enabled yet","Nessun metodo di pagamento Mollie ancora abilitato",""
"<{mollie}prestashop>form_27079483c3ba47b2c7369723473c4950","Enable payment methods in your Mollie account.","Attivare i metodi di pagamento nel proprio account Mollie.",""
"<{mollie}prestashop>form_f1206f9fadc5ce41694f69129aecac26","Configure","Configurare",""
"<{mollie}prestashop>form_20d053df791cc72594d141b24276597f","Scroll down and save the changes you made to your environment or API keys before configuring your payment methods.","Scorrere verso il basso e salvare le modifiche apportate al suo ambiente o alle chiavi API prima di configurare i metodi di pagamento.",""
"<{mollie}prestashop>order_info_729a51874fe901b092899e9e8b31c97a","Are you sure?","È sicuro?",""
"<{mollie}prestashop>order_info_ccaf4ee393d094ecde7f21b15fdf8f1f","Are you sure you want to refund this order?","È sicuro di voler rimborsare questo ordine?",""
"<{mollie}prestashop>order_info_76f0ed934de85cc7131910b32ede7714","Refund","Rimborso",""
"<{mollie}prestashop>order_info_ea4788705e6873b424c65e91c2846b19","Cancel","Annullare",""
"<{mollie}prestashop>order_info_88ba0dcbc82905637e98317e0302cfd8","Refund order","Rimborsare ordine",""
"<{mollie}prestashop>order_info_e03ed4aabeff96ca7c80a6bae8ddfcc1","Refundable","Rimborsabile",""
"<{mollie}prestashop>order_info_77fd2b4393b379bedd30efcd5df02090","Partial refund","Rimborso parziale",""
"<{mollie}prestashop>order_info_a9ced76f2dd6907220fa95b3a136b04a","Invalid amount","Importo non valido",""
"<{mollie}prestashop>order_info_a0114b0c8ef3e187c610e4e56da55872","Enter a valid amount","Inserire un importo valido",""
"<{mollie}prestashop>order_info_3cc4859e502556d0d848c3bc38618782","Refund failed","Rimborso non riuscito",""
"<{mollie}prestashop>order_info_d5cfd0f69cd548e5d3b9edde5ff1b48f","Payment info","Informazioni sul pagamento",""
"<{mollie}prestashop>order_info_88427ec035734b45aae9f7d8859a5008","Transaction ID","ID transazione",""
"<{mollie}prestashop>order_info_782678f4ba02feb3e9ecd51e902cd16b","Refund history","Cronologia dei rimborsi",""
"<{mollie}prestashop>order_info_c5b41ae59bd6585750f536615a6bc20b","There are no refunds","Non ci sono rimborsi",""
"<{mollie}prestashop>order_info_b718adec73e04ce3ec720dd11a06a308","ID","ID",""
"<{mollie}prestashop>order_info_44749712dbec183e983dcd78a7736c41","Date","Data",""
"<{mollie}prestashop>order_info_b2f40690858b404ed10e62bdf422c704","Amount","Importo",""
"<{mollie}prestashop>order_info_53beb26d8bca00f56fbd295fdee83459","Refunds","Rimborsi",""
"<{mollie}prestashop>order_info_daef64964ee3b9b904f5d467586e217f","Payments","Pagamenti",""
"<{mollie}prestashop>order_info_e25be354288565757726f3295e4f3ef9","Current amount","Importo attuale",""
"<{mollie}prestashop>order_info_068f80c7519d0528fb08e82137a72131","Products","Prodotti",""
"<{mollie}prestashop>order_info_ec53a8c4f07baed5d8825072c89799be","Status","Stato",""
"<{mollie}prestashop>order_info_747cf5c8587184b9e489ff897d97c20d","Shipped","Spedito",""
"<{mollie}prestashop>order_info_0e22fe7d45f8e5632a4abf369b24e29c","Canceled","Annullato",""
"<{mollie}prestashop>order_info_cc61945cbbf46721a053467c395c666f","Refunded","Rimborsato",""
"<{mollie}prestashop>order_info_6c957f72dc8cdacc75762f2cbdcdfaf2","Unit price","Prezzo unitario",""
"<{mollie}prestashop>order_info_126b36c5eb7a576cd6ae15bbcf3a9459","VAT amount","Importo IVA",""
"<{mollie}prestashop>order_info_bc30768048a7bbfd2d158d722c140c6d","Total amount","Importo totale",""
"<{mollie}prestashop>order_info_0387832795db3eb2e05f4365fba5ddac","Ship","Spedire",""
"<{mollie}prestashop>order_info_55453aad10c96e452556a106447313bd","Review shipment","Rivedi spedizione",""
"<{mollie}prestashop>order_info_2d68a678f279a6a1fade94ef7bef9e67","Review the products included in the shipment. You can remove items or change the quantity if needed.","Esaminare i prodotti inclusi nella spedizione. È possibile rimuovere gli articoli o modificare la quantità, se necessario.",""
"<{mollie}prestashop>order_info_e29500a07ea67b3f9b48c85bccece022","Review refund","Rivedi rimborso",""
"<{mollie}prestashop>order_info_63e6dc84e5605dc561a14e7f86643bbb","Review the products included in the refund. You can remove items or change the quantity if needed.","Esaminare i prodotti inclusi nel rimborso. Se necessario, è possibile rimuovere gli articoli o modificare la quantità.",""
"<{mollie}prestashop>order_info_51de729ebc17bf6c37d2708ba317dd08","Review cancellation","Rivedi annullamento",""
"<{mollie}prestashop>order_info_50317d996a7817c56aac958f4042680e","Review the products included in the cancellation. You can remove items or change the quantity if needed.","Esaminare i prodotti inclusi nel annullamento. Se necessario, è possibile rimuovere gli articoli o modificare la quantità.",""
"<{mollie}prestashop>order_info_e0aa021e21dddbd6d8cecec71e9cf564","OK","OK",""
"<{mollie}prestashop>order_info_163bcc6065b16c6369c7a4de44cff164","Ship products","Spedire prodotti",""
"<{mollie}prestashop>order_info_433557a938a920888445ce2c7df67d5a","Tracking details","Dettagli di tracciamento",""
"<{mollie}prestashop>order_info_50399bf464ce4b79ed9f58f63d9376e7","Add tracking information to record that you shipped products to your customer.","Aggiungere le informazioni di tracciamento per registrare la spedizione dei prodotti al cliente.",""
"<{mollie}prestashop>order_info_26b6254fefc06894825a50dfbe803937","Skip tracking details","Salta i dettagli di tracciamento",""
"<{mollie}prestashop>order_info_d57c24f3fe52d16e7169b912dd647f0d","optional","opzionale",""
"<{mollie}prestashop>order_info_2df417909bda5f3ddc210a0abe65231f","E.g. FedEx","Ad esempio FedEx",""
"<{mollie}prestashop>order_info_593ed3a37aa1a3ece4a4d796fb4e2e03","This information is required","Queste informazioni sono necessarie",""
"<{mollie}prestashop>order_info_933292561b46133ff5348c7740874c56","Tracking code","Codice di tracciamento",""
"<{mollie}prestashop>order_info_e6b391a8d2c4d45902a23a8b6585703d","URL","URL",""
"<{mollie}prestashop>order_info_914419aa32f04011357d3b604a86d7eb","Carrier","Vettore",""
"<{mollie}prestashop>order_info_23a902ac637359fe67ceaccbe2c68283","Ship all","Spedire tutto",""
"<{mollie}prestashop>order_info_2a6e9f678c7267fe16f57bcd3285f1d7","Cancel all","Annulla tutto",""
"<{mollie}prestashop>order_info_05ced64413f9ff5d3602c3e257f36204","Refund all","Rimborsa tutto",""
"<{mollie}prestashop>order_info_bfe005bff7ecacd6ecceacdd7fb79292","Transaction info","Informazioni sulla transazione",""
"<{mollie}prestashop>order_info_61066fef1e8173dc711f55bbedb8839c","Voucher info","Informazioni sul buono",""
"<{mollie}prestashop>order_info_1eefa98a18a384699fe611fbfd8ab0c9","There are no products","Non ci sono prodotti",""
"<{mollie}prestashop>order_info_a25c753ee3e4be15ec0daa5a40deb7b8","An error occurred","Si è verificato un errore",""
"<{mollie}prestashop>order_info_2df3102f3fe061003dee820a72e1b1ed","Unable to ship","Non è stato possibile spedire",""
"<{mollie}prestashop>order_info_3efc29552025b4e68de04f415b0b8806","Unable to refund","Non è stato possibile rimborsare",""
"<{mollie}prestashop>order_info_468a92810b526750be9664461db6bf91","Unable to cancel","Non è stato possibile annullare",""
"<{mollie}prestashop>order_info_2427b479f15af44582dc151ef95a90d0","Refunds are currently unavailable","I rimborsi non sono attualmente disponibili",""
"<{mollie}prestashop>order_info_20c72bbfdf74d618a4b8a11100e864a0","Refund was made successfully!","Il rimborso è stato effettuato con successo!",""
"<{mollie}prestashop>order_info_c7eb2a728623db5eedf0e12d21ffa604","Shipment was made successfully!","La spedizione è stata effettuata con successo!",""
"<{mollie}prestashop>order_info_fab41c52197c448eea0edde8951e4e59","Order was canceled successfully!","L'ordine è stato annullato con successo!",""
"<{mollie}prestashop>order_info_4c3880bb027f159e801041b1021e88e8","Method","Metodo",""
"<{mollie}prestashop>order_info_51360304ea03557e79bdf5ff9cd2e234","Issuer","Emittente",""
"<{mollie}prestashop>order_info_4e274e8865560b88192b72e486210cc6","This order was (partially) paid for with a voucher. You can refund a maximum of %1s.","Questo ordine è stato (parzialmente) pagato con un buono. È possibile rimborsare un massimo di %1s.",""
"<{mollie}prestashop>mollie_awaiting_order_status_error_56ce2a4e08c9d84441b90ab4c4b66f84","Select an order status for \"Status for Awaiting payments\""" in the \"""Advanced settings\""" tab""","Selezionare uno stato d'ordine per \"Stato per in attesa di pagamento\""" nella scheda \"""Impostazioni avanzate\""".",""
"<{mollie}prestashop>mollie_single_click_ee2b8214cd8479d18e873181505b48ea","Use saved card","Utilizzare la carta salvata",""
"<{mollie}prestashop>mollie_single_click_fc7775bdfa339217149389b7392af83b","Save card","Salvare la carta",""
"<{mollie}prestashop>mollie_single_click_49753ba0559e716a708373951ea87d1c","Secure payments provided by","Pagamenti sicuri forniti da",""
"<{mollie}prestashop>mollie_iframe_a4b29064de828b87f9f9b6fa145cb507","Enter your card information","Inserire i dati della carta",""
"<{mollie}prestashop>mollie_iframe_c2b63e85bd5e4dc9b6cf5a4693847e06","Name on card","Nome sulla carta",""
"<{mollie}prestashop>mollie_iframe_a44217022190f5734b2f72ba1e4f8a79","Card number","Numero di carta",""
"<{mollie}prestashop>mollie_iframe_95b16127e70e8a90220404fb48343182","Expiry date","Data di scadenza",""
"<{mollie}prestashop>mollie_iframe_b2fddfad59392b3dba82cb9809712197","CVC/CVV","CVC/CVV",""
"<{mollie}prestashop>mollie_iframe_fc7775bdfa339217149389b7392af83b","Save card","Salvare la carta",""
"<{mollie}prestashop>mollie_iframe_ee2b8214cd8479d18e873181505b48ea","Use saved card","Utilizzare la carta salvata",""
"<{mollie}prestashop>mollie_iframe_49753ba0559e716a708373951ea87d1c","Secure payments provided by","Pagamenti sicuri forniti da",""
"<{mollie}prestashop>payment_334721e5f1ee825da687fcaede010724","Payment Fee:","Commissione di pagamento:",""
"<{mollie}prestashop>qr_code_abf4a6b673b5166357317067cbeadee9","Scan QR","Scansione QR",""
"<{mollie}prestashop>qr_code_9e8480dfad348fb6f83db31570d1decf","Open your Bancontact app to scan the QR code","Aprire l'app Bancontact per scansionare il codice QR",""
"<{mollie}prestashop>qr_code_3a2d5fe857d8f9541136a124c2edec6c","Or","O",""
"<{mollie}prestashop>qr_code_fc258b840545ee1ec431efe82bd4dcbd","Continue without QR code","Continuare senza codice QR",""
"<{mollie}prestashop>qr_code_ea4788705e6873b424c65e91c2846b19","Cancel","Annullare",""
"<{mollie}prestashop>order-confirmation-table_020c2091aec3019d02193cef080bcf97","Payment fee","Commissione di pagamento",""
"<{mollie}prestashop>17_error_47e1924c444fafe9fdfce444790f0ba9","Back to your shopping cart","Torna al carrello",""
"<{mollie}prestashop>error_c453a4b8e8d98e82f35b67f433e3b4da","Payment","Pagamento",""
"<{mollie}prestashop>error_1e97d97a923eaddd810e056c828e99ea","Payment error","Errore di pagamento",""
"<{mollie}prestashop>error_a25c753ee3e4be15ec0daa5a40deb7b8","An error occurred","Si è verificato un errore",""
"<{mollie}prestashop>error_47e1924c444fafe9fdfce444790f0ba9","Back to your shopping cart","Torna al carrello",""
"<{mollie}prestashop>order_fail_28726b6ad52c9eae94be432666f93449","Your order is canceled","L'ordine è stato annullato",""
"<{mollie}prestashop>mollie_return_ebdf0f490b617d7efa3025d3625cec85","Welcome back","Bentornato",""
"<{mollie}prestashop>mollie_return_300225ee958b6350abc51805dab83c24","Continue shopping","Continua gli acquisti",""
"<{mollie}prestashop>mollie_wait_bc0dd919f9a70dbb62f3f7afd68d6d68","Awaiting payment status","In attesa dello stato di pagamento",""
"<{mollie}prestashop>qr_done_92816c7248d010591f699db3aaf6287b","Mollie iDEAL QR","Mollie iDEAL QR",""
"<{mollie}prestashop>qr_done_ebdf0f490b617d7efa3025d3625cec85","Welcome back","Bentornato",""
"<{mollie}prestashop>qr_done_c3171108158ad72d80e4f5068d312572","The payment has been cancelled","Il pagamento è stato annullato",""
"<{mollie}prestashop>qr_done_47db50323146abe9d975fb6616cefa3b","The payment is complete. Thank you for your order!","Il pagamento è completo. Grazie per il suo ordine!",""
"<{mollie}prestashop>customerrecurringorderdetailproduct_465d60b936c982d7b57674f30ba022d0","Product:","Prodotto:",""
"<{mollie}prestashop>customerrecurringorderdetailproduct_3d0d1f906e27800531e054a3b6787b7c","Quantity:","Quantità:",""
"<{mollie}prestashop>customerrecurringorderdetailproduct_bbc8c3f199c22b3951a52bc9821971ee","Unit price:","Prezzo unitario:",""
"<{mollie}prestashop>customerrecurringorderdetailproduct_66c4c5112f455a19afde47829df363fa","Total:","Totale:",""
"<{mollie}prestashop>customerrecurringorderdetailproduct_dfc1493d2a91fecbec8fc7b9621ea52c","Subscription status:","Stato dell'abbonamento.",""
"<{mollie}prestashop>customerrecurringorderdetailproduct_bc687e68cac6a434d614f732a6bb35a8","Subscription start date:","Data di inizio dell'abbonamento:",""
"<{mollie}prestashop>customerrecurringorderdetailproduct_625b79d4b6d9f937623d7f4f68b4efcd","Next payment date:","Prossima data di pagamento:",""
"<{mollie}prestashop>customerrecurringorderdetailproduct_d6eb8b047631f376e10e2db6a60da350","Cancelled date:","Data di annullamento:",""
"<{mollie}prestashop>customerrecurringorderdetail_dd73b66f5abedea1529fc619f07cc88d","Subscription order details","Dettagli dell'ordine di abbonamento",""
"<{mollie}prestashop>customerrecurringorderdetail_7a76bd4a08a9d06cac7b74942507dca3","Update subscription payment method","Aggiornare il metodo di pagamento dell'abbonamento",""
"<{mollie}prestashop>customerrecurringorderdetail_34120aa4b83400b21af7641b425d109b","If you would like to update the payment method of a subscription, you can select it here.","Se desidera aggiornare il metodo di pagamento di un abbonamento, può selezionarlo qui.",""
"<{mollie}prestashop>customerrecurringorderdetail_06933067aafd48425d67bcb01bba5cb6","Update","Aggiornare",""
"<{mollie}prestashop>customerrecurringorderdetail_01660840b062884fd856f49c71246112","Cancel subscription","Annullare l'abbonamento",""
"<{mollie}prestashop>customerrecurringorderdetail_ea4788705e6873b424c65e91c2846b19","Cancel","Annullare",""
"<{mollie}prestashop>customeraccount_4ca2c509994c2776d0880357b4e8e5be"," Subscriptions","Abbonamenti",""
"<{mollie}prestashop>customersubscriptionsdata_4ca2c509994c2776d0880357b4e8e5be","Subscriptions","Abbonamenti",""
