ID;EN;NL;DE;FR
<{mollie}prestashop>mollie_484f5a79672cebe198ebdde45a1d672f;Gift wrapping;Cadeaupapier;Geschenkpapier;Emballage cadeau
<{mollie}prestashop>mollie_7c478959c218087ffc4ad5d96e7f66a6;Mollie;Mollie;Mollie;Mollie
<{mollie}prestashop>mollie_95b3b272e06dcc3cc2aa62f6887aebc5;Mollie Payments;Mollie Betalingen;Mollie Payments;Paiements Mollie
<{mollie}prestashop>mollie_7b00a9f51c5ed5221a71379f5022c0b8;Dear customer, your PHP version is too low. Please upgrade your PHP version to use this module. Mollie module supports PHP 5.6 and higher versions.;Beste klant, je PHP-versie is verouderd. Werk je PHP-versie bij om deze module te gebruiken. Mollie ondersteunt PHP 5.6 en hoger.;Sehr geehrter Kunde, Sie nutzen eine zu niedrige PHP-Version. Aktualisieren Sie PHP, um dieses Modul zu nutzen. Mollie unterstützt die PHP-Version 5.6 und höher.;Cher client, votre version de PHP est insuffisante. Veuillez mettre à jour votre version de PHP pour utiliser ce module. Le module Mollie est compatible avec les versions PHP 5.6 et ultérieures.
<{mollie}prestashop>mollie_46e2d06b80d816b2916f1f27492fbabd;Unable to install module;Module installeren niet mogelijk;Modul kann nicht installiert werden;Impossible d'installer le module
<{mollie}prestashop>mollie_17ab49984d8dd1dff2aa7d542505ab54;Please upgrade Mollie module.;Upgrade Mollie-module;Bitte Mollie-Modul upgraden.;Veuillez mettre à jour le module Mollie.
<{mollie}prestashop>mollie_770d85a02ce8841bd4dac97b57c7fa17;Template compilation;Template compilatie;Vorlagensammlung;Compilation du modèle
<{mollie}prestashop>mollie_b8b65041a5ab3fa85c620238bbd3f390;Never recompile template files;Template bestanden nooit opnieuw compileren;Vorlagendateien nie neu kompilieren;Ne jamais recompiler les fichiers modèle
<{mollie}prestashop>mollie_79c0d6cba080dc90b01c887064c9fc2f;Clear cache;Cache verwijderen;Cache löschen;Effacer le cache
<{mollie}prestashop>mollie_dbe2df5641344e1d14be812243f91ec5;Never clear cache files;Cachebestanden nooit verwijderen;Cache-Dateien nie löschen;Ne jamais effacer les fichiers cache
<{mollie}prestashop>mollie_d44217546130f731e1817cfe47693ebc;Rounding mode;Afrondingsmodus;Rundungsmodus;Mode arrondi
<{mollie}prestashop>mollie_843fbaec27e324378999e09cc665a7f4;Always round up (recommended);Altijd naar boven afronden (aanbevolen);Immer aufrunden (empfohlen);Toujours arrondir (recommandé)
<{mollie}prestashop>mollie_6311eb29dee3acc14071e0b1efb173f5;%s statuses:;%s statussen:;%s Status:;Statuts %s :
<{mollie}prestashop>mollie_d438a1d96c6037fccad15d7594737a84;Visual settings:;Visuele instellingen:;Visuelle Einstellungen:;Paramètres visuels :
<{mollie}prestashop>mollie_49259add73e416838e985a6bf4d0e571;Debug info:;Informatie foutopsporing:;Debug-Informationen:;Informations de débogage :
<{mollie}prestashop>mollie_c9cc8cce247e49bae79f15173ce97354;Save;Opslaan;Speichern;Sauvegarder
<{mollie}prestashop>mollie_ddadb642121242386456853538decbbf;Description cannot be empty;Beschrijving mag niet leeg zijn;Beschreibung darf nicht leer sein;La description ne peut être vide
<{mollie}prestashop>mollie_5c16da68879ccae998265f761701a3be;Wrong profile ID;Verkeerde profiel-ID;Falsche Profil-ID;Mauvais identifiant
<{mollie}prestashop>mollie_a161d8bad0bbf9a18291d25ee3477679;Profile ID cannot be empty;Profiel-ID mag niet leeg zijn;Profil-ID darf nicht leer sein;L'identifiant ne peut être vide
<{mollie}prestashop>mollie_6845df2ae38fbe2bf755ccb293d220b8;You are missing database tables. Try resetting module.;Je mist databasetabellen. Probeer de module te resetten.;Es fehlen Datenbanktabellen. Versuchen Sie, das Modul zu resetten.;Il vous manque des banques de données. Essayez de réinitialiser le module.
<{mollie}prestashop>mollie_048ef1905ff33382d7660a68a6199305;Warning: Could not retrieve update xml file from github.;Waarschuwing: kon xml-bestand update niet ophalen van github.;Warnung: Update XML-Datei von Github fehlgeschlagen.;Attention : Impossible de récupérer le fichier xml de mise à jour de github.
<{mollie}prestashop>mollie_60eba48ca8dbf57638153ff43d326c2e;You are currently using version '%s' of this plugin. The latest version is '%s'. We advice you to [1]update[/1] to enjoy the latest features. ;Je gebruikt momenteel versie '%s' van deze plugin. De laatste versie is '%s'. We raden je aan om de plugin [1]bij te werken[/1] om van de nieuwste functies gebruik te maken.;Sie verwenden aktuell Version '%s' dieses Plugins. Die neuste Version ist '%s'. Wir empfehlen Ihnen, zu [1]aktualisieren[/1], um die neusten Funktionen nutzen zu können.;Vous utilisez actuellement la version "%s" de ce plugin. La dernière version est "%s". Nous vous conseillons de [1]mettre à jour[/1] pour profiter des dernières fonctionnalités. 
<{mollie}prestashop>mollie_711d42f319398490b32cd0e2f0b8ccb8;Warning: Update xml file from github follows an unexpected format.;Waarschuwing: de update van het xml-bestand van github heeft een onverwachte indeling.;Warnung: Update XML-Datei von Github hat unerwartetes Format.;Attention : La mise à jour du fichier xml de github répond à un format inattendu.
<{mollie}prestashop>mollie_35895cff7df70dab18783453e2bd241f;Pay with %s;Betaal met %s;Zahlen mit %s;Payer avec %s
<{mollie}prestashop>mollie_66dac2278292ff24611ef8a85bc94e0d;Select your bank:;Selecteer je bank:;Wählen Sie Ihre Bank:;Sélectionnez votre banque :
<{mollie}prestashop>mollie_48fa0f621f79f451e58f200957da5b52;Choose your bank;Kies je bank:;Wählen Sie Ihre Bank aus:;Choisissez votre banque
<{mollie}prestashop>mollie_8953fb7da2299bf905b73720f611baa3;or pay by iDEAL QR;of betaal met iDEAL QR-code;oder zahlen Sie mit iDEAL QR;ou payez avec iDEAL QR
<{mollie}prestashop>mollie_961f2247a2070bedff9f9cd8d64e2650;Choose;Selecteren;Auswahl;Sélectionner
<{mollie}prestashop>mollie_ea4788705e6873b424c65e91c2846b19;Cancel;Annuleren;Abbrechen;Annuler
<{mollie}prestashop>mollie_0b135af05e690cf2fca288a143759716;Payment Fee: %1s;Commissie: %1s;Zahlungsgebühr: %1s;Frais de paiement : %1s
<{mollie}prestashop>mollie_3602f6d5ece34fdbd4ffe0a47f1a2ba4;Thank you. Your payment has been received.;Dank je wel. Je betaling is ontvangen.;Vielen Dank. Wir haben Ihre Zahlung erhalten.;Merci. Votre paiement a bien été reçu.
<{mollie}prestashop>mollie_32c86f9a2a28a9fa544b97024393633e;No payment methods found;Geen betaalmethodes gevonden;Keine Zahlungsmethoden gefunden;Aucun moyen de paiement trouvé
<{mollie}prestashop>mollie_a34a6659bceae779f28185e757abfca5;AJAX;AJAX;AJAX;AJAX
<{mollie}prestashop>mollie_74873b96b26fbcac6af3154c5dea0656;Resend payment link;Betaallink opnieuw verzenden;Zahlungslink erneut senden;Renvoyer le lien de paiement
<{mollie}prestashop>mollie_ab552f085567bbe63872c10a3596cd27;Payment error:;Fout bij betalen:;Zahlungsfehler:;Erreur de paiement :
<{mollie}prestashop>upgrade-4.0.6_9770d1f0124abb0d6a894cd79f8703b5;Awaiting Mollie payment;In afwachting van betaling door Mollie;Warten auf Mollie-Zahlung;En attente du paiement Mollie
<{mollie}prestashop>countryservice_b1c94ca2fbc3e78fc30069c8d0f01680;All;Alle;Alle;Tout
<{mollie}prestashop>paymentreturnservice_777385522ef6cc3c5ac7b39df1206e68;Your payment was not successful, please try again.;Je betaling is niet gelukt, probeer het opnieuw.;Ihre Zahlung ist fehlgeschlagen, bitte versuchen Sie es noch einmal.;Votre paiement n'a pas abouti, veuillez réessayer.
<{mollie}prestashop>mollieorderinfoservice_301b87d33063f687d14004a9014f6759;You do not have permission to refund payments;Je bent niet bevoegd om betalingen terug te betalen;Sie sind nicht befugt, Zahlungen zu erstatten;Vous n'avez pas d'autorisation de remboursements
<{mollie}prestashop>mollieorderinfoservice_8dc6945fb6b59aea38df7935cf3afb6d;You do not have permission to %s payments;Je bent niet bevoegd om betalingen te %s ;Sie sind nicht befugt, Zahlungen %s;Vous n'avez pas d'autorisation de payements %s
<{mollie}prestashop>mollieorderinfoservice_1bda80f2be4d3658e0baa43fbe7ae8c1;view;bekijken;anzuzeigen;voir
<{mollie}prestashop>mollieorderinfoservice_de95b43bceeb4b998aed4aed5cef1ae7;edit;bewerken;zu bearbeiten;modifier
<{mollie}prestashop>mollieorderinfoservice_2a3f1166b041928019e4e8718d628665;ship;verzenden;zu versenden;envoyer
<{mollie}prestashop>mollieorderinfoservice_df6f85687a0d5820baa1a069a04eff2d;refund;terugbetalen;zurückzuerstatten;rembourser
<{mollie}prestashop>mollieorderinfoservice_10aec35353f9c4096a71c38654c3d402;cancel;annuleren;abzubrechen;annuler
<{mollie}prestashop>cartlinesservice_ea9cf7e47ff33b2be14e6dd07cbcefc6;Shipping;Verzending;Versand;Envoi
<{mollie}prestashop>cartlinesservice_484f5a79672cebe198ebdde45a1d672f;Gift wrapping;Cadeaupapier;Geschenkpapier;Emballage cadeau
<{mollie}prestashop>cartlinesservice_386dcc0479b05fd2b1d40dbb8f649287;Payment Fee;Commissie;Zahlungsgebühr;Frais de paiement
<{mollie}prestashop>languageservice_e0010a0a1a3259ab5c06a19bad532851;Paid;Betaald;Bezahlt;Payé
<{mollie}prestashop>languageservice_07ca5050e697392c9ed47e6453f1453f;Completed;Voltooid;Abgeschlossen;Effectué
<{mollie}prestashop>languageservice_a206428462686af481cb072b8db11784;Authorized;Geautoriseerd;Genehmigt;Autorisé
<{mollie}prestashop>languageservice_0e22fe7d45f8e5632a4abf369b24e29c;Canceled;Geannuleerd;Abgebrochen;Annulé
<{mollie}prestashop>languageservice_24fe48030f7d3097d5882535b04c3fa8;Expired;Verlopen;Abgelaufen;Expiré
<{mollie}prestashop>languageservice_cc61945cbbf46721a053467c395c666f;Refunded;Terugbetaald;Zurückerstattet;Remboursé
<{mollie}prestashop>languageservice_7026e386bdad92fa6f232394f5b23ffb;Bankwire pending;Bankoverschrijving in behandeling;Überweisung ausstehend;Virement bancaire en attente
<{mollie}prestashop>languageservice_9f004157e4c148dac71da3ae5906351f;Partially refunded;Gedeeltelijk terugbetaald;Teilweise erstattet;Partiellement remboursé
<{mollie}prestashop>languageservice_0eceeb45861f9585dd7a97a3e36f85c6;Created;Aangemaakt;Erstellt;Créé
<{mollie}prestashop>languageservice_e2b7dec8fa4b498156dfee6e4c84b156;This payment method is not available.;Deze betaalmethode is niet beschikbaar.;Diese Zahlungsart ist nicht verfügbar.;Ce moyen de paiement n'est pas disponible.
<{mollie}prestashop>languageservice_96d0e2862e0167af0c2fd0c99fe6bc5d;Click here to continue;Klik om verder te gaan;Hier klicken, um fortzufahren;Cliquez ici pour continuer
<{mollie}prestashop>languageservice_540d9939d1ca9406e215ee3d78c76813;This payment method is only available for Euros.;Deze betaalmethode is alleen beschikbaar voor euro;Diese Zahlungsart ist ausschließlich in Euro verfügbar.;Ce moyen de paiement est disponible seulement en Euros.
<{mollie}prestashop>languageservice_1b2631119333d97dbda37f87e378b1e4;There was an error while processing your request: ;Er is een fout opgetreden bij het verwerken van je verzoek:;Beim Bearbeiten Ihrer Anfrage ist ein Fehler aufgetreten:;Il y a eu une erreur lors du traitement de votre demande : 
<{mollie}prestashop>languageservice_11bab828edcc0a6d5c97cbf84d61e652;The order with this id does not exist.;De bestelling met dit ID bestaat niet.;Eine Bestellung mit dieser ID existiert nicht.;La commande associée à ce numéro n'existe pas.
<{mollie}prestashop>languageservice_b34487c5f391f47b893ee3c61f8f9ab7;We have not received a definite payment status. You will be notified as soon as we receive a confirmation of the bank/merchant.;We hebben geen definitieve betaalstatus ontvangen. Zodra wij een bevestiging van de bank/handelaar hebben ontvangen, krijg je hiervan bericht.;Wir haben keinen definitiven Zahlungsstatus erhalten. Sie werden benachrichtigt, sobald die Bestätigung der Bank/des Händlers bei uns eingeht.;Nous n'avons pas reçu de statut de paiement définitif. Vous serez informé dès que nous aurons la confirmation de la banque ou du commerçant.
<{mollie}prestashop>languageservice_57bc999b3b730ead92ac7243fe254a2a;Unfortunately your payment was expired.;Je betaling is helaas verlopen;Ihre Zahlung ist leider abgelaufen.;Malheureusement, votre paiement a expiré.
<{mollie}prestashop>languageservice_3602f6d5ece34fdbd4ffe0a47f1a2ba4;Thank you. Your payment has been received.;Dank je wel. Je betaling is ontvangen.;Vielen Dank. Wir haben Ihre Zahlung erhalten.;Merci. Votre paiement a été reçu.
<{mollie}prestashop>languageservice_7352a401b3c23b2966c68bc9ab97fa06;The transaction has an unexpected status.;De transactie heeft een onverwachte status.;Die Transaktion hat einen unerwarteten Status.;La transaction a un statut inattendu.
<{mollie}prestashop>languageservice_3f83176ddc3f63a5a374a623840bfb09;You are not authorised to see this page.;Je bent niet bevoegd om deze pagina te bekijken.;Sie haben keinen Zugriff auf diese Seite.;Vous n'êtes pas autorisé à visualiser cette page.
<{mollie}prestashop>languageservice_300225ee958b6350abc51805dab83c24;Continue shopping;Verder winkelen;Einkauf fortsetzen;Continuer les achats
<{mollie}prestashop>languageservice_ebdf0f490b617d7efa3025d3625cec85;Welcome back;Welkom terug;Willkommen zurück;Bon retour parmi nous
<{mollie}prestashop>languageservice_66dac2278292ff24611ef8a85bc94e0d;Select your bank:;Selecteer je bank:;Wählen Sie Ihre Bank:;Sélectionnez votre banque :
<{mollie}prestashop>languageservice_e0aa021e21dddbd6d8cecec71e9cf564;OK;Ok;OK;OK
<{mollie}prestashop>languageservice_b98a07c82f0078a1de7fc219fae480fc;Different payment method;Andere betaalmethode;Andere Zahlungsart;Autre moyen de paiement
<{mollie}prestashop>languageservice_35895cff7df70dab18783453e2bd241f;Pay with %s;Betaal met %s;Zahlen mit %s;Payer avec %s
<{mollie}prestashop>languageservice_cc16e103e202a48009df202d9525f75f;Refund this order;Deze bestelling terugbetalen;Bestellung erstatten;Rembourser cette commande
<{mollie}prestashop>languageservice_c5222afef6530f674d3acf82ba2ce9dc;Mollie refund;Mollie terugbetaling;Mollie-Rückzahlung;Remboursement Mollie
<{mollie}prestashop>languageservice_7064b25aa8a732a3db7f230c9867be19;Refund order #%d through the Mollie API.;Bestelling #%d terugbetalen via de Mollie API.;Rückzahlung von Bestellung #%d über die Mollie-API.;Rembourser la commande #%d via l'API Mollie.
<{mollie}prestashop>languageservice_e12682d2e0650f2783b22d956d2b947a;The order has been refunded!;De bestelling is terugbetaald;Die Bestellung wurde erstattet.;La commande a été remboursée !
<{mollie}prestashop>languageservice_95be87afb2734075cf345b633e1384ec;Mollie B.V. will transfer the money back to the customer on the next business day.;Mollie B.V. stort het geld de eerstvolgende werkdag terug naar de klant.;Mollie B.V. überweist dem Kunden den Erstattungsbetrag am folgenden Werktag zurück.;Mollie B.V. transférera l'argent au client le prochain jour ouvrable.
<{mollie}prestashop>languageservice_9770d1f0124abb0d6a894cd79f8703b5;Awaiting Mollie payment;In afwachting van betaling door Mollie;Warten auf Mollie-Zahlung;En attente du paiement Mollie
<{mollie}prestashop>languageservice_b9fc80a6e775cb75568db6b6538dacdd;Mollie partially refunded;Gedeeltelijk terugbetaald door Mollie;Teilweise von Mollie zurückerstattet;Mollie partiellement remboursé
<{mollie}prestashop>languageservice_f91ab041fe9d6057740394b8b7903a0f;iDEAL;iDEAL;iDEAL;iDEAL
<{mollie}prestashop>languageservice_05bfde942b997737b56b9ab405450076;Cartes Bancaires;Cartes Bancaires;Cartes Bancaires;Cartes bancaires
<{mollie}prestashop>languageservice_e7f9e382dc50889098cbe56f2554c77b;Credit card;Creditcard;Kreditkarte;Carte de crédit
<{mollie}prestashop>languageservice_870cf6bc77bbadd038aeb8d942c9cb18;Bancontact;Bancontact;Bancontact;Bancontact
<{mollie}prestashop>languageservice_8ad65eb3da9995173280649f090218c3;SOFORT Banking;SOFORT Bankieren;SOFORT Banking;Banque SOFORT
<{mollie}prestashop>languageservice_c0db4214f9d7e1b846f4496e03e667d0;SEPA Direct Debit;SEPA Automatische incasso;SEPA Direct Debit;Prélèvement automatique SEPA
<{mollie}prestashop>languageservice_5aa515ce21e8de1ed7416dce455a151f;Belfius Pay Button;Belfius Betaalknop;Belfius Pay Button;Bouton de paiement Belfius
<{mollie}prestashop>languageservice_d023ec040f79f1a9b2ac960b43785089;Bitcoin;Bitcoin;Bitcoin;Bitcoin
<{mollie}prestashop>languageservice_4aa65ea89e54d83bb2604c2cc89babc3;PODIUM Cadeaukaart;Podium Cadeaukaart;PODIUM Cadeaukaart;Carte cadeau PODIUM
<{mollie}prestashop>languageservice_58c25c4b8b4382e37d89e0ef6bd625cf;Gift cards;Cadeaubonnen;Geschenkkarten;Cartes cadeaux
<{mollie}prestashop>languageservice_431647a0a8b2cd589c9fda9535f90d6d;Bank transfer;Overboeking;Banküberweisung;Virement bancaire
<{mollie}prestashop>languageservice_ad69e733ebae8d264bccaa38d68830e8;PayPal;PayPal;PayPal;PayPal
<{mollie}prestashop>languageservice_6abcd8eecb4f2abb6ccfe36ef7046ba0;paysafecard;paysafecard;paysafecard;paysafecard
<{mollie}prestashop>languageservice_a81bd6195f1abce35fd03a870270100b;KBC/CBC Payment Button;KBC/CBC Betaalknop;KBC/CBC Payment Button;Bouton de paiement KBC/CBC
<{mollie}prestashop>languageservice_8184c64d6318b4a42428ae21d0fe2311;ING Home'Pay;ING-home'Pay;ING Home'Pay;ING Home'Pay
<{mollie}prestashop>languageservice_31911306551723245e7417ae4520fecb;Giropay;Giropay;Giropay;Giropay
<{mollie}prestashop>languageservice_ce8e4a184e2e534c09d6bf6ae773ca4a;eps;eps;eps;eps
<{mollie}prestashop>languageservice_feb1a8ded87483b416427b8457bdc664;Pay later.;Pay later.;Pay later.;Payer ultérieurement.
<{mollie}prestashop>languageservice_a388a6fba0d4b58c334cd9416071cdb1;Slice it.;Slice it.;Slice it.;Diviser.
<{mollie}prestashop>languageservice_b3c616832a460725551d52f3d222df2c;MyBank;MyBank;MyBank;MyBank
<{mollie}prestashop>refundservice_7d4272540fdafa5fad96a0a6ec5166df;The order could not be refunded.;De bestelling kon niet worden terugbetaald;Die Bestellung konnte nicht erstattet werden.;La commande n'a pas pu être remboursée !
<{mollie}prestashop>refundservice_ccb168b5a6a86eb100dc2dee754a316b;Reason:;Reden:;Grund:;Raison :
<{mollie}prestashop>refundservice_e12682d2e0650f2783b22d956d2b947a;The order has been refunded.;De bestelling is terugbetaald.;Die Bestellung wurde erstattet.;La commande a été remboursée.
<{mollie}prestashop>refundservice_95be87afb2734075cf345b633e1384ec;Mollie B.V. will transfer the money back to the customer on the next business day.;Mollie B.V. stort het geld de eerstvolgende werkdag terug naar de klant.;Mollie B.V. überweist dem Kunden den Erstattungsbetrag am folgenden Werktag zurück.;Mollie B.V. transférera l'argent au client le prochain jour ouvrable.
<{mollie}prestashop>refundservice_65718b7293759bcf2ca7257aba3d3179;The product(s) could not be refunded.;Producten konden niet worden terugbetaald;Die Ware konnte nicht erstattet werden.;Les produits n'ont pas pu être remboursés.
<{mollie}prestashop>transactionservice_3f864e377ad88afe0f99e0d1e16cec03;Transaction failed;Transactie mislukt;Transaktion fehlgeschlagen;Échec de la transaction
<{mollie}prestashop>shipservice_0f251428a8b2c8c90b0f8d8bbd6556cd;The product(s) could not be shipped.;De producten konden niet worden verzonden;Die Ware konnte nicht versandt werden.;Les produits n'ont pas pu être envoyés.
<{mollie}prestashop>molliepaymentmailservice_4c35c2333b8091a076a4c2d1db8709e1;Failed to created Second Chance Email.;Het maken van een Second Chance Email is mislukt;Erstellen Second Chance Email fehlgeschlagen.;Échec de la création de l'e-mail de deuxième chance.
<{mollie}prestashop>molliepaymentmailservice_f8347b8a83efc618a7d74089a58a351d;Failed to send second chance email. Order is already paid.;Second Chance Email is niet verzonden. Bestelling is al betaald;Senden Second Chance Email fehlgeschlagen. Bestellung wurde bereits bezahlt.;Échec de l'envoi de l'e-mail de deuxième chance. La commande est déjà payée.
<{mollie}prestashop>molliepaymentmailservice_21ca2c7b403a7963dc174b3892a10bc7;Second chance email was successfully send.;Second Chance Email is succesvol verzonden;Second Chance Email erfolgreich gesendet.;L'e-mail de deuxième chance a été envoyé avec succès.
<{mollie}prestashop>molliepaymentmailservice_7d4e9f222469e74d17fde11ca66e587e;Failed to send second chance email. Order is already paid or expired.;Second Chance Email is niet verzonden Bestelling is al betaald of verlopen;Senden Second Chance Email fehlgeschlagen. Bestellung wurde bereits bezahlt oder ist abgelaufen.;Échec de l'envoi de l'e-mail de deuxième chance. La commande est déjà payée ou expirée.
<{mollie}prestashop>molliepaymentmailservice_acb35a78ac0e60f29a997b6dc3c68863;Failed to send second chance email.;Second Chance Email is niet verzonden;Senden Second Chance Email fehlgeschlagen.;Échec de l'envoi de l'e-mail de deuxième chance.
<{mollie}prestashop>cancelservice_324b178753a80ddbe85bc5c2bc64636c;The product(s) could not be canceled.;Producten konden niet worden geannuleerd;Ware konnte nicht storniert werden.;Les produits n'ont pas pu être annulés.
<{mollie}prestashop>settingssaveservice_1f93fc361bfc627c89a46e1b6c28df2b;The API key needs to start with test or live.;De API key moet beginnen met test of live.;Der API-Schlüssel muss mit Test oder Live beginnen.;La clé API doit commencer par un test ou un live.
<{mollie}prestashop>settingssaveservice_d0fb18e6788aea02c962decbe15918ab;Something went wrong. Couldn't save your payment methods;Er is iets fout gegaan. Betaalmethodes konden niet worden opgeslagen;Ein Problem ist aufgetreten. Ihre Zahlungsart konnte nicht gespeichert werden.;Un problème est survenu. Impossible de sauvegarder vos moyens de paiement
<{mollie}prestashop>settingssaveservice_652f9bf18cac2aed81f0c2a436b1a4f7;Something went wrong. Couldn't delete old payment methods;Er is iets fout gegaan. Kon oude betaalmethode-issuers niet verwijderen;Ein Problem ist aufgetreten. Alte Aussteller von Zahlungsmethoden konnten nicht gelöscht werden.;Un problème est survenu. Impossible de supprimer les émetteurs de moyens de paiement précédents
<{mollie}prestashop>settingssaveservice_b4023fa46ec83bf49c0ce4a4fb379c2d;Something went wrong. Couldn't save your payment methods;Er is iets fout gegaan. Kon de issuer van je betaalmethode niet opslaan;Ein Problem ist aufgetreten. Der Aussteller Ihrer Zahlungsmethoden konnte nicht gespeichert werden;Un problème est survenu. Impossible de sauvegarder vos émetteurs de moyens de paiement
<{mollie}prestashop>settingssaveservice_3edebc882ca3c4ed5346f3daa6c60f45;Wrong API Key;Verkeerde API Key;Falscher API-Schlüssel!;Mauvaise clé API 
<{mollie}prestashop>settingssaveservice_6ab1adfed768d989b47c908755fe677f;The configuration has been saved.;De configuratie is opgeslagen;Einstellungen gespeichert!;La configuration a été sauvegardée
<{mollie}prestashop>installer_8aef54a7e234af543698d0eb818e576a;Unable to install Mollie statuses;Mollie-statussen kunnen niet worden geïnstalleerd;Die Modul-Status können nicht installiert werden;Impossible d'installer les statuts Mollie
<{mollie}prestashop>installer_2a1cc1f6a56903156703cf4f997a640f;Unable to install config;Configuratie kan niet worden geïnstalleerd;Konfiguration kann nicht installiert werden;Impossible d'installer config
<{mollie}prestashop>installer_a473868cd56c59f4cee5d511a29ef3f8;Unable to install default carrier statuses;Kan standaard bezorgdienst-statussen niet installeren;Die Status der Standard-Logistikdienstleister können nicht installiert werden;Impossible d'installer les statuts des transporteurs par défaut
<{mollie}prestashop>installer_407748408f99fed49e067dee67df619c;Could not copy email templates:;Kon e-mail templates niet kopiëren:;Kopieren der E-Mail-Vorlagen fehlgeschlagen:;Impossible de copier les modèles d'e-mail
<{mollie}prestashop>formbuilder_c9cc8cce247e49bae79f15173ce97354;Save;Opslaan;Speichern;Sauvegarder
<{mollie}prestashop>formbuilder_0ba29c6a1afacf586b03a26162c72274;Environment;Omgeving;Umgebung;Environnement
<{mollie}prestashop>formbuilder_0cbc6611f5540bd0809a388dc95a615b;Test;Test;Test;Test
<{mollie}prestashop>formbuilder_955ad3298db330b5ee880c2c9e6f23a0;Live;Live;Live;Live
<{mollie}prestashop>formbuilder_4960b33741696799508da451687efccd;API Key Test;API Key Test;Test-API-Schlüssel;Test de clé API
<{mollie}prestashop>formbuilder_2ffbc7eb8899865f9e66682d34853195;You can find your API key in your [1]Mollie Profile[/1]; it starts with test or live.;Je vindt je API Key in je [1]Mollie-profiel[/1]; het begint met test of live.;Sie finden den API-Schlüssel in Ihrem [1]Mollie-Profil[/1]; er beginnt mit Test oder Live.;Vous pouvez trouver votre clé API dans votre [1]Profil Mollie[/1] ; la clé commence par test ou live.
<{mollie}prestashop>formbuilder_646135a12f4ae070d40da46430daaded;API Key Live;API Key Live;Live-API-Schlüssel;Clé API live
<{mollie}prestashop>formbuilder_05cb3e937d28b89f8aabfb4c62867117;Test ApiKey;Test ApiKey;API-Schlüssel testen;Test d'ApiKey
<{mollie}prestashop>formbuilder_48b55607a3eeefcff54c4ab448f97b19;Do you already have a Mollie account?;Heb je al een Mollie-account?;Haben Sie schon ein Mollie-Benutzerkonto?;Avez-vous déjà un compte Mollie ?
<{mollie}prestashop>formbuilder_00d23a76e43b46dae9ec7aa9dcbebb32;Enabled;Geactiveerd;Aktiviert;Activé
<{mollie}prestashop>formbuilder_b9f5c797ebbf55adccdd8539a65a0241;Disabled;Gedeactiveerd;Deaktiviert;Désactivé
<{mollie}prestashop>formbuilder_af916bf4d520d4c5e02ee117555a0fb6;Use Mollie Components for CreditCards;Gebruik Mollie Components voor Creditcards;Mollie Components für Kreditkarten verwenden;Utiliser les composants Mollie pour cartes de crédit
<{mollie}prestashop>formbuilder_08c3ed0dce144ff885d072bf9fb70634;Read more about [1]Mollie Components[/1] and how it improves your conversion;Lees meer over [1]Mollie Components[/1] en hoe het je conversie verbetert;Erfahren Sie mehr über [1]Mollie Components[/1] und wie sie die Conversion verbessern;En savoir plus sur les [1]Composants Mollie[/1] et comment cela booste vos conversions
<{mollie}prestashop>formbuilder_909af42213273854f58bea8d7808eb6b;Read more about Mollie Components and how it improves your conversion;Lees meer over Mollie Components en hoe het je conversie verbetert;Erfahren Sie mehr über Mollie Components und wie sie die Conversion verbessern;En savoir plus sur les Composants Mollie et comment cela booste vos conversions
<{mollie}prestashop>formbuilder_cff77137e334d784a7c641ad4c0c10e2;Profile ID;Profiel-ID;Profil-ID;Identifiant
<{mollie}prestashop>formbuilder_9170bcfedaabf0c63ac0c83ce5858dc6;You can find your API key in your [1]Mollie Profile[/1];Je vindt je API key in je [1]Mollie-profiel[/1];Den API-Schlüssel finden Sie in Ihrem [1]Mollie-Profil[/1];Vous pouvez trouver votre clé API dans votre [1]Profil Mollie[/1]
<{mollie}prestashop>formbuilder_4df7f0ac19f10f661982323a53d09204;Use Single Click Payments for CreditCards;Gebruik Single Click Payments voor Creditcards;Ein-Klick-Zahlungen für Kreditkarten verwenden;Utiliser les paiements en un clic pour les cartes de crédit
<{mollie}prestashop>formbuilder_1a314d0e07364877f10c5c2860282a04;Read more about [1]Single Click Payments[/1] and how it improves your conversion;Lees meer over [1]Single Click Payments[/1] en hoe het je conversie verbetert;Erfahren Sie mehr über [1]Ein-Klick-Zahlungen[/1] und wie diese die Conversion verbessern;En savoir plus sur les [1]Paiements en un clic[/1] et comment cela booste vos conversions
<{mollie}prestashop>formbuilder_85fb708f31f585607247f8b868efafcc;Issuer list;Issuer-lijst;Anbieterliste;Liste d'émetteurs
<{mollie}prestashop>formbuilder_27db39558366d2a9001a0dec69eea4d6;Some payment methods (eg. iDEAL) have an issuer list. This setting specifies where it is shown.;Sommige betaalmethodes (bijv. iDEAL) hebben een issuer-lijst. Deze instelling specificeert waar het wordt weergegeven.;Einige Zahlungsmethoden (wie iDEAL) haben eine Anbieterliste. Diese Einstellung gibt an, wo sie angezeigt wird.;Certains moyens de paiement (par ex. iDEAL) ont une liste d'émetteurs. Ce paramètre précise son emplacement.
<{mollie}prestashop>formbuilder_85a692706bc7597b6e32bc1d354c138f;On click;Bij klikken;Per Klick;Par clic
<{mollie}prestashop>formbuilder_d35acbb07d2841712a937d5748e9bdc2;Payment page;Betaalpagina;Zahlungsseite;Page de paiement
<{mollie}prestashop>formbuilder_0da8d9a75492046bea7f314521e07cae;Payment methods;Betaalmethodes;Zahlungsmethoden;Moyens de paiement
<{mollie}prestashop>formbuilder_079db0c141e521dccd7e35573692c371;Click [1]here[/1] to read more about the differences between the Payment and Orders API.;Klik [1]hier[/1] om meer te lezen over de verschillen tussen de Payment- en Orders API.;[1]Hier[/1] klicken, um mehr über den Unterschied zwischen Zahlungs- und Auftrags-API zu erfahren.;Cliquez [1]ici[/1] pour en savoir plus sur les différences entre l'API de Paiement et de Commande.
<{mollie}prestashop>formbuilder_02b1a449676f2830e0014858e00f8556;Push Locale to Payment Screen;Locatie bij het Betalingsscherm gebruiken;Gebietsschema für Zahlungsbildschirm übernehmen;Appuyez sur emplacement pour l'écran de paiement
<{mollie}prestashop>formbuilder_80959853df523329bce299e93f70dd6a;When activated, Mollie will use your webshop's [1]Locale[/1]. If not, the browser's locale will be used.;Als deze optie is geactiveerd, gebruikt Mollie de [1]Locatie[/1] van je webshop. Als dit niet het geval is, wordt de landinstelling van de browser gebruikt.;Wenn aktiviert, übernimmt Mollie das [1]Gebietsschema[/1] Ihres Onlineshops. Andernfalls wird das Gebietsschema des Browsers verwendet.;Une fois activée, Mollie utilisera l'[1]Emplacement[/1] de votre boutique en ligne. Sinon, l'emplacement du navigateur sera utilisé.
<{mollie}prestashop>formbuilder_8a6b05398ad81fbbcee15b7c11bc118b;Yes, push webshop Locale;Ja, gebruik locatie webshop;Ja, Gebietsschema Onlineshop verwenden;Oui, choisir l'emplacement de la boutique en ligne
<{mollie}prestashop>formbuilder_b921bd28f166f19ccce9fa044af9720a;No, use browser's Locale;Nee, gebruik de landinstelling van de browser;Nein, Gebietsschema Browser verwenden;Non, utiliser l'emplacement du navigateur
<{mollie}prestashop>formbuilder_92096d969b04d49647628839ec4f1135;Send order confirmation email;Orderbevestiging versturen via e-mail;Bestellbestätigungsmail senden;Envoyer un e-mail de confirmation de commande
<{mollie}prestashop>formbuilder_e8d9b5e3c2bd35d0d0c8d48a8c076b21;When Order is created;Wanneer de bestelling is gemaakt;Wenn Bestellung aufgegeben wurde;À la création de la commande
<{mollie}prestashop>formbuilder_7b860762a45c82a860d6be326ca0e99b;When Order is Paid;Wanneer de bestelling is betaald;Wenn Bestellung bezahlt wurde;Au paiement de la commande
<{mollie}prestashop>formbuilder_6e7b34fa59e1bd229b207892956dc41c;Never;Nooit;Nie;Jamais
<{mollie}prestashop>formbuilder_7c4e7ada50c8572336f872fced4d1852;Status for %s payments;Status voor %s betalingen;Status für %s-Zahlungen;Statuts pour les paiements %s
<{mollie}prestashop>formbuilder_bea3fae02ae079e541199ab6ffc2d1ad;`%s` payments get status `%s`;Betalingen met '%s' krijgen de status '%s';„%s“ Zahlungen erhalten de Status „%s“;les paiements `%s` obtiennent un statut `%s`
<{mollie}prestashop>formbuilder_b2a2c5a69af7c04c5adc48261fb5dc13;Send mails when %s;Verzend e-mails wanneer %s;E-Mails senden, wenn %s;Envoyer des courriers lorsque %s
<{mollie}prestashop>formbuilder_9666ebf540bd0481ddab09c0fa36fe74;Send mails when transaction status becomes %s?, self::FILE_NAME;Stuur e-mails wanneer de transactiestatus %s?, self::FILE_NAME wordt;E-Mail senden bei Transaktionsstatus %s?, self::FILE_NAME;Envoyer des courriers lorsque le statut de la transaction devient %s ?, self::FILE_NAME
<{mollie}prestashop>formbuilder_7aace0dc23ee8b74744bdf79c98a2605;Skip this status;Sla deze status over;Diesen Status überspringen;Passer ce statut
<{mollie}prestashop>formbuilder_dd59e3663865f3fab190e496260608e6;`%s` payments do not get a status;Betalingen met '%s' krijgen geen status;„%s“-Zahlungen erhalten keinen Status;les paiements `%s` n'obtiennent pas de statut
<{mollie}prestashop>formbuilder_33af8066d3c83110d4bd897f687cedd2;Order statuses;Status bestellingen;Auftragsstatus;Statuts des commandes
<{mollie}prestashop>formbuilder_3ba67aae5d08d0fa90016685407926f1;Visual Settings;Visuele Instellingen;Visuelle Einstellungen;Paramètres visuels :
<{mollie}prestashop>formbuilder_fff0d600f8a0b5e19e88bfb821dd1157;Images;Afbeeldingen;Bilder;Images
<{mollie}prestashop>formbuilder_f7a97136df639501521efb243047e0cf;Show big, normal or no payment method logos on checkout.;Toon grote, normale of geen logo's van betaalmethodes bij het afrekenen.;Beim Checkout große, normale oder keine Logos der Zahlungsarten anzeigen.;Afficher en grand, en taille normal ou ne pas afficher les logos des moyens de paiement au checkout
<{mollie}prestashop>formbuilder_a88f05b6c963e145a45b58c47cd42a41;hide;verbergen;verbergen;cacher
<{mollie}prestashop>formbuilder_fea087517c26fadd409bd4b9dc642555;normal;normaal;normal;normal
<{mollie}prestashop>formbuilder_d861877da56b8b4ceb35c8cbfdf65bb4;big;groot;groß;grand
<{mollie}prestashop>formbuilder_532fc86d00efc4cd2a1cb03d590765ef;Use Custom Logo;Aangepast logo;Benutzerdefiniertes Logo verwenden;Utiliser des logos personnalisés
<{mollie}prestashop>formbuilder_1547ffc579d657d13fd5fedf12cbfae5;CSS file;CSS-bestand;CSS-Datei;Fichier CSS
<{mollie}prestashop>formbuilder_6602513644161421f58418528d93ac00;Leave empty for default stylesheet. Should include file path when set. Hint: You can use [1]{BASE}[/1], [1]{THEME}[/1], [1]{CSS}[/1], [1]{MOBILE}[/1], [1]{MOBILE_CSS}[/1] and [1]{OVERRIDE}[/1] for easy folder mapping.;Laat leeg voor standaardinstelling. Moet bestandspad bevatten indien ingesteld. Hint: je kunt [1]{BASE}[/1], [1]{THEME}[/1], [1]{CSS}[/1], [1]{MOBILE}[/1], [1]{MOBILE_CSS}[/1] en [1]{OVERRIDE}[/1] gebruiken voor eenvoudige map toewijzing.;Leer lassen für Standard-Stylesheet. Wenn festgelegt, muss Dateipfad angegeben sein. Tipp: Verwenden Sie [1]{BASE}[/1], [1]{THEME}[/1], [1]{CSS}[/1], [1]{MOBILE}[/1], [1]{MOBILE_CSS}[/1] und [1]{OVERRIDE}[/1] für einfache Ordnerzuordnung.;Laisser vide pour la feuille de style par défaut. Doit inclure le chemin d'accès une fois défini. Conseil : Vous pouvez utiliser [1]{BASE}[/1], [1]{THEME}[/1], [1]{CSS}[/1], [1]{MOBILE}[/1], [1]{MOBILE_CSS}[/1] et [1]{OVERRIDE}[/1] pour faciliter le classement des dossiers.
<{mollie}prestashop>formbuilder_1191f888f0cc23f95aa77aacb094503b;Shipment information;Verzendinformatie;Versandinformationen;Informations d'expédition
<{mollie}prestashop>formbuilder_2526a2ff1547e6fe751081693d8631af;Automatically ship on chosen statuses;Automatisch verzenden bij gekozen statussen;Automatischer Versand bei den gewählten Status;Expédier automatiquement sur les statuts marqués
<{mollie}prestashop>formbuilder_4ea0e32fcecbe942eb7fa7fd3d35598d;Enabling this feature will automatically send shipment information when an order gets marked status;Als je deze functie inschakelt, wordt de verzendinformatie automatisch verzonden wanneer een bestelling de gekozen status heeft bereikt;Ist diese Funktion aktiviert, werden automatisch Versandinformationen gesendet, sobald eine Bestellung den gewählten Status hat;Activer cette fonction permettra d'envoyer automatiquement les informations d'expédition lorsqu'une commande est marquée
<{mollie}prestashop>formbuilder_c1df8a5243557cbd8a7a31c11aab3db4;Automatically ship when one of these statuses is reached;Wordt automatisch verzonden wanneer een van deze statussen is bereikt;Automatischer Versand, sobald einer dieser Status erreicht ist;Envoyer automatiquement lorsqu'un de ces statuts est atteint
<{mollie}prestashop>formbuilder_34bd91e87db36a10b9e847d6304be289;If an order reaches one of these statuses the module will automatically send shipment information;Als een bestelling een van deze statussen bereikt, verzendt de module verzendinformatie automatisch;Wenn eine Bestellung einen dieser Status erhält, sendet das Modul automatisch Versandinformationen;Si une commande atteint l'un de ces statuts le module enverra automatiquement les informations d'expédition
<{mollie}prestashop>formbuilder_498f79c4c5bbde77f1bceb6c86fd0f6d;Show;Tonen;Anzeigen;Montrer
<{mollie}prestashop>formbuilder_62a5e490880a92eef74f167d9dc6dca0;Hide;Verbergen;Verbergen;Cacher
<{mollie}prestashop>formbuilder_4695fd3a22023ab53a2151f797975ff8;Disable this status;Deze status uitschakelen;Diesen Status deaktivieren;Désactiver ce statut
<{mollie}prestashop>formbuilder_dc6e4b439165a4e104c9f3cbfcfe2797;Debug level;Debug level;Debug-Ebene;Niveau de débogage
<{mollie}prestashop>formbuilder_500aa80d6aea3cc9701b566c5f92ed91;Display errors;Fouten weergeven;Fehler anzeigen;Erreurs d'affichage
<{mollie}prestashop>formbuilder_37f9a8b20930c1dc7488b15872b6d36b;Enabling this feature will display error messages (if any) on the front page. Use for debug purposes only!;Als je deze functie inschakelt, worden foutmeldingen (indien aanwezig) weergegeven op de voorpagina. Alleen gebruiken voor het opsporen van fouten;Bei Aktivierung dieser Funktion werden eventuelle Fehlermeldungen auf der Startseite angezeigt. Nur zum Debuggen verwenden!;Activer cette fonction affichera les messages d'erreur (si existant) sur la première page. À utiliser uniquement à des fins de débogage !
<{mollie}prestashop>formbuilder_e5114c4b69585ba5883d456a74c1cd5d;Log level;Logniveau;Protokoll-Ebene;Niveau de logs
<{mollie}prestashop>formbuilder_921a6d905eef99631c9c73c317799e62;Recommended level: Errors. Set to Everything to monitor incoming webhook requests. [1]View logs.[/1];Aanbevolen niveau: Fouten. Stel in op Alles om inkomende webhook-verzoeken te controleren. [1]Logboeken bekijken.[/1];Empfohlene Ebene: Fehler. Auf Alles setzen, um eingehende Webhook-Anfragen zu überwachen. [1]Protokolle anzeigen.[/1];Niveau recommandé : Erreurs. Régler sur Tout pour surveiller les demandes de webhook entrantes. [1]Voir les logs.[/1]
<{mollie}prestashop>formbuilder_f80a4ad87fee7c9fdc19b7769495fdb5;Nothing;Geen;Nichts;Rien
<{mollie}prestashop>formbuilder_5ef0c737746fae2ca90e66c39333f8f6;Errors;Fouten;Fehler;Erreurs
<{mollie}prestashop>formbuilder_709468af25e91284821d1bdbfdded24c;Everything;Alles;Alles;Tout
<{mollie}prestashop>formbuilder_de62775a71fc2bf7a13d7530ae24a7ed;General settings;Standaardinstellingen;Allgemeine Einstellungen;Paramètres généraux
<{mollie}prestashop>formbuilder_fe4c6a5e7bd6793b37370e4e46daf998;Advanced settings;Geavanceerde instellingen;Erweiterte Einstellungen;Paramètres avancés
<{mollie}prestashop>orderlistactionbuilder_5678cf484b844064515349752b1ccb18;You will resend email with payment link to the customer;Je stuurt de e-mail met de betaallink opnieuw naar de klant;Sie senden dem Kunden erneut eine E-Mail mit Zahlungslink;Vous allez renvoyer au client un e-mail avec lien de paiement
<{mollie}prestashop>invoice_fee_386dcc0479b05fd2b1d40dbb8f649287;Payment Fee;Commissie;Zahlungsgebühr;Frais de paiement
<{mollie}prestashop>create_new_account_link_936ccdb97115e9f35a11d35e3d5b5cad;Click here;Klik hier;Hier klicken;Cliquez ici
<{mollie}prestashop>create_new_account_link_1946a645ad247c90c404e8341ca15497;to create a new account;om een nieuw account aan te maken;um ein neues Benutzerkonto zu erstellen;pour créer un nouveau compte
<{mollie}prestashop>api_test_results_5c64aa487c62db1d94d6929cacbb010b;Test API-key: Success!;Test API-key: Succesvol;Test-API-Schlüssel: Erfolgreich!;Test clé API : Succès !
<{mollie}prestashop>api_test_results_0c5221f34749dad4117651537a7b2ca7;Enabled Methods: ;Ingeschakelde methodes:;Aktivierte Methoden:;Méthodes activées :
<{mollie}prestashop>api_test_results_760428cb999591cb2d8976a5c51ec971;Test API-key: Failed!;Test API-key: Mislukt;Test-API-Schlüssel: Fehlgeschlagen!;Test clé API : Échec !
<{mollie}prestashop>api_test_results_1dd9589842aeb1f47bf2de96ff35ea76;Live API-key: Success!;Live API-key: Succesvol;Live-API-Schlüssel: Erfolgreich!;Live clé API : Succès !
<{mollie}prestashop>api_test_results_8202e639fa89542d7e8b568ce3f09383;Live API-key: Failed!;Live API-key: Mislukt;Live-API-Schlüssel: Fehlgeschlagen!;Live clé API : Échec !
<{mollie}prestashop>form_26ce015f99bef6d5de2142b2b774525f;Developed by Invertus;Ontwikkeld door Invertus;Entwickelt von Invertus;Développé par Invertus
<{mollie}prestashop>form_1c04b154909c88cfc62b3362c88445af; - the most technically advanced agency in the PrestaShop ecosystem.;– het technisch meest geavanceerde bureau in het PrestaShop-ecosysteem.;– die technisch fortschrittlichste Agentur im PrestaShop-System.; - l'agence la plus avancée techniquement de l'écosystème PrestaShop.
<{mollie}prestashop>form_2184beb14eaa0bca77ea5d1b3197813a;More info on Mollie;Meer info over Mollie;Mehr Informationen zu Mollie;Plus d'informations sur Mollie
<{mollie}prestashop>form_1c2e79c1715dbe3f3208a7991abc50f0;Contact Mollie;Contact opnemen met Mollie;Kontakt Mollie;Contacter Mollie
<{mollie}prestashop>form_2d059d2c499450d4e083d28f5f47f63d;Contact Invertus;Contact opnemen met Invertus;Kontakt Invertus;Contacter Invertus
<{mollie}prestashop>form_00d23a76e43b46dae9ec7aa9dcbebb32;Enabled;Ingeschakeld;Aktiviert;Activé
<{mollie}prestashop>form_bafd7322c6e97d25b6299b5d6fe8920b;No;Nee;Nein;Non
<{mollie}prestashop>form_93cba07454f06a4a960172bbd6e2a435;Yes;Ja;Ja;Oui
<{mollie}prestashop>form_b78a3223503896721cca1303f776159b;Title;Titel;Titel;Titre
<{mollie}prestashop>form_4c3880bb027f159e801041b1021e88e8;Method;Methode;Methode;Méthode
<{mollie}prestashop>form_8c2b4949d892b39b236545951f10bbd4;Payments API;Payments API;Zahlungs-API;API de paiement
<{mollie}prestashop>form_a8b0255f70ecc140a1b5134ae5217e51;Orders API;Orders API;Auftrags-API;API de commande
<{mollie}prestashop>form_b5a7adde1af5c87d7fd797b6245c2a39;Description;Beschrijving;Beschreibung;Description
<{mollie}prestashop>form_68211d97d23f8ac632ab8473d2faba2d;The description to be used for this transaction. These variables are available:;De beschrijving die voor deze transactie moet worden gebruikt. Deze variabelen zijn beschikbaar:;Die Beschreibung, die für diese Transaktion zu verwenden ist. Folgende Variablen sind verfügbar:;La description à utiliser pour cette transaction. Les variables suivantes sont disponibles :
<{mollie}prestashop>form_5e0c1de38ae2b71a822cea48cadb93d3;{orderNumber};{orderNumber};{orderNumber};{numérodeCommande}
<{mollie}prestashop>form_4be0c1d09fd863380314973c8601cf0f;{storeName};{storeName};{storeName};{nomduMagasin}
<{mollie}prestashop>form_fd7fd8309d25160a730df8e2206ccf3e;{cart.id};{cart.id};{cart.id};{identifiant.panier}
<{mollie}prestashop>form_096c87dcbc42c70cdc3ce6452ffab5db;{order.reference};{order.reference};{order.reference};{référence.commande}
<{mollie}prestashop>form_aca138791636b733b033d96fc7b94871;{customer.firstname};{customer.firstname};{customer.firstname};{client.prénom}
<{mollie}prestashop>form_946bd08f85512f25c3b26b7f28cf49b2;{customer.lastname};{customer.lastname};{customer.lastname};{client.nom}
<{mollie}prestashop>form_2020eba7346c35961c61f23a48b7f41a;{customer.company};{customer.company};{customer.company};{client.entreprise}
<{mollie}prestashop>form_d15cb3af8fe8d66e1367a073d6918f5c;{storename};{storeName};{storename};{nomdumagasin}
<{mollie}prestashop>form_2bd5aa24aa803875936746fb4cb66b8d;(Note: This only works when the method is set to Payments API);(Opmerking: dit werkt alleen als de methode is ingesteld op Payments API);(Hinweis: Funktioniert nur, wenn die Methode auf Zahlungs-API eingestellt ist);(Remarque : cela ne fonctionne que lorsque la méthode est définie sur l'API de paiement)
<{mollie}prestashop>form_022cfe398e6db73d001de30cb0586ff6;Payment allowed from:;Betaling toegestaan vanuit:;Zahlung erlaubt aus:;Paiement autorisé depuis :
<{mollie}prestashop>form_c3987e4cac14a8456515f0d200da04ee;All countries;Alle landen;Allen Ländern;Tous les pays
<{mollie}prestashop>form_d90f958acb700bba09555b7f2352fdfe;Selected Countries;Geselecteerde landen;Ausgewählten Ländern;Les pays sélectionnés
<{mollie}prestashop>form_a7dc902f10467920a36faaff7c0c9a8a;Allow payment from specific countries:;Sta betaling toe vanuit specifieke landen:;Zahlungen aus ausgewählten Ländern erlauben:;Autoriser les paiements depuis certains pays :
<{mollie}prestashop>form_13c941379ed1daa4361b2640772bcd61;Exclude payment from specific countries:;Betalingen uit specifieke landen uitsluiten:;Zahlungen aus ausgewählten Ländern ausschließen:;Refuser les paiements depuis certains pays :
<{mollie}prestashop>form_a6b5c2e75adde6fab4cd2d3f9e9c30c9;Payment Surcharge;Betalingstoeslag;Zahlungsaufschlag;Supplément de paiement
<{mollie}prestashop>form_87ab78d85f4f0f5143ed2e549719bc45;No fee;Geen toeslag;Keine Gebühr;Pas de frais
<{mollie}prestashop>form_aba97718996c769b2195d309accd2858;Fixed Fee;Vaste toeslag;Feste Gebühr;Frais fixes
<{mollie}prestashop>form_37be07209f53a5d636d5c904ca9ae64c;Percentage;Percentage;Prozentsatz;Pourcentage
<{mollie}prestashop>form_8916e275e04bad3ea9484fb989c4faba;Fixed Fee and Percentage;Vaste toeslag en Percentage;Feste Gebühr und Prozentsatz;Frais fixes et pourcentage
<{mollie}prestashop>form_9e4390866e20a833f66bac2ea91a0fe0;You can display payment fee in your email template by adding \{payment_fee}\" in email translations. For more information visit: ";Je kunt toeslagen weergeven in je e-mail template door \{payment_fee}\" toe te voegen aan e-mail vertalingen. Voor meer informatie: ";Sie können die Zahlungsgebühr in der E-Mail-Vorlage anzeigen lassen, indem Sie in E-Mail-Übersetzungen \{payment_fee}\" hinzufügen. Nähere Informationen finden Sie unter: ";Vous pouvez afficher les frais de paiement dans votre modèle d'e-mail en ajoutant \{payment_fee}\" dans les traductions e-mail. Pour plus d'informations, consultez : "
<{mollie}prestashop>form_0b8d92bc19b720bb1065649535463409;Translations;Vertalingen;Übersetzungen;Traductions
<{mollie}prestashop>form_98a1cc9ce3f06b71278950211c9666fe;Payment Surcharge fixed amount;Betalingstoeslag vast bedrag;Zahlungsaufschlag fester Betrag;Supplément de paiement montant fixe
<{mollie}prestashop>form_84421aef0b051dfe53b5830869185c41;Payment Surcharge percentage;Betalingstoeslag percentage;Zahlungsaufschlag Prozentsatz;Supplément de paiement pourcentage
<{mollie}prestashop>form_c2485580ab5397cef48c8ec5e5c1eeac;Payment Surcharge limit;Betalingstoeslag limiet;Zahlungsaufschlag Grenze;Limite du supplément de paiement
<{mollie}prestashop>form_f421a366f70bd2aa1193eeb5a2990546;Here you can configure what information about the shipment is sent to Mollie;Hier kun je instellen welke informatie over de zending naar Mollie wordt gestuurd;Konfigurieren Sie hier, welche Informationen bzgl. des Versands an Mollie übermittelt werden;Configurez ici les informations relatives à l'envoi envoyées à Mollie
<{mollie}prestashop>form_53b2566e3519ea98db40ae9e716883a5;You can use the following variables for the Carrier URLs;Je kunt de volgende variabelen gebruiken voor de URL's van de bezorgdiensten;Für URLs der Logistikdienstleister sind die folgenden Variablen verfügbar;Vous pouvez utiliser les variables suivantes pour les URL des transporteurs
<{mollie}prestashop>form_910d956cb2615e5739ac06c7f08fba26;Shipping number;Verzendnummer;Versandnummer;Numéro d'expédition
<{mollie}prestashop>form_e7e862a02819a1610f271ffea15ed47d;Billing country code;Landcode voor facturering;Ländercode für Rechnungsstellung;Code du pays de facturation
<{mollie}prestashop>form_5723a18d8a8a6052a57489df5be59a8f;Billing postcode;Postcode voor facturering;Postleitzahl für Rechnungsstellung;Code postal de facturation
<{mollie}prestashop>form_0d12e3c554976ad1f76c5db2b6c127ad;Shipping country code;Landcode verzending;Ländercode Versand;Code du pays d'expédition
<{mollie}prestashop>form_c824a8b18f09dc7e58bacf446be6735c;Shipping postcode;Postcode verzending;Postleitzahl Versand;Code postal d'expédition
<{mollie}prestashop>form_0a867177f4a701a9f33de5ab21c42593;2-letter language code;Taalcode 2 letters;Sprachcode (2 Buchstaben);Code langue à 2 lettres
<{mollie}prestashop>form_49ee3087348e8d44e1feda1917443987;Name;Naam;Name;Nom
<{mollie}prestashop>form_b33f1d112cd9d2d32d37cb4cc9a340c8;URL Source;URL Bron;URL-Quelle;URL Source
<{mollie}prestashop>form_812a48ba719daeda82e4da8e812d426c;Custom URL;Aangepaste URL;Individuelle URL;URL personnalisée
<{mollie}prestashop>form_962b59a5f12eabd9c05f11b5f0aada85;Do not automatically ship;Niet automatisch verzenden;Nicht automatisch versenden;Ne pas envoyer automatiquement
<{mollie}prestashop>form_703490ffd308d337cd5aac50567e9670;No tracking information;Geen trackinginformatie;Keine Sendungsinformationen;Pas d'information de suivi
<{mollie}prestashop>form_de28ef21a06f3978c05f3d808b15eaab;Carrier URL;URL van bezorgdienst;URL Logistikdienstleister;URL du transporteur
<{mollie}prestashop>form_e55f75a29310d7b60f7ac1d390c8ae42;Module;Module;Modul;Module
<{mollie}prestashop>form_da93de158db2fbe49f35f6038711584a;This option is not required for the currently selected API;Deze optie is niet vereist voor de geselecteerde API;Diese Option ist für die gewählte API nicht erforderlich;Cette option n'est pas requise pour l'API actuellement sélectionnée
<{mollie}prestashop>form_498f79c4c5bbde77f1bceb6c86fd0f6d;Show;Tonen;Anzeigen;Montrer
<{mollie}prestashop>form_62a5e490880a92eef74f167d9dc6dca0;Hide;Verbergen;Verbergen;Cacher
<{mollie}prestashop>mollie_wait_bc0dd919f9a70dbb62f3f7afd68d6d68;Awaiting payment status;In afwachting van betaalstatus;Warten auf Zahlungsstatus;En attente de l'état du paiement
<{mollie}prestashop>qr_done_92816c7248d010591f699db3aaf6287b;Mollie iDEAL QR;Mollie iDEAL QR;Mollie iDEAL QR;Mollie iDEAL QR
<{mollie}prestashop>qr_done_ebdf0f490b617d7efa3025d3625cec85;Welcome back;Welkom terug;Willkommen zurück;Bon retour parmi nous
<{mollie}prestashop>qr_done_4bf3a07ce980c9b007f9e2eed42d7fa2;The payment has been canceled.;De betaling is geannuleerd;Der Zahlungsvorgang wurde abgebrochen.;Le paiement a été annulé.
<{mollie}prestashop>qr_done_6933c118341d8c06f888c392aa1ceaf5;The payment has been completed. Thank you for your order!;De betaling is voltooid. Bedankt voor je bestelling!;Der Zahlungsvorgang ist abgeschlossen. Vielen Dank für Ihre Bestellung!;Le paiement a été effectué. Merci pour votre commande !
<{mollie}prestashop>order-confirmation-table_386dcc0479b05fd2b1d40dbb8f649287;Payment Fee;Kosten betaalmethode;Zahlungsgebühr;Frais de paiement
<{mollie}prestashop>mollie_return_ebdf0f490b617d7efa3025d3625cec85;Welcome back;Welkom terug;Willkommen zurück;Bon retour parmi nous
<{mollie}prestashop>mollie_return_300225ee958b6350abc51805dab83c24;Continue shopping;Verder winkelen;Einkauf fortsetzen;Continuer les achats
<{mollie}prestashop>error_c453a4b8e8d98e82f35b67f433e3b4da;Payment;Betaling;Zahlung;Paiement
<{mollie}prestashop>error_1e97d97a923eaddd810e056c828e99ea;Payment error;Fout bij betaling;Zahlungsfehler;Erreur de paiement
<{mollie}prestashop>error_a25c753ee3e4be15ec0daa5a40deb7b8;An error occurred;Er is een fout opgetreden;Ein Fehler ist aufgetreten;Un problème est survenu
<{mollie}prestashop>error_47e1924c444fafe9fdfce444790f0ba9;Back to your shopping cart;Terug naar winkelmandje;Zurück zum Warenkorb;Revenir à votre panier
<{mollie}prestashop>order_fail_28726b6ad52c9eae94be432666f93449;Your order is canceled;Je bestelling is geannuleerd;Ihre Bestellung wurde storniert;Votre commande est annulée
<{mollie}prestashop>17_error_47e1924c444fafe9fdfce444790f0ba9;Back to your shopping cart;Terug naar winkelmandje;Zurück zum Warenkorb;Revenir à votre panier
<{mollie}prestashop>smarty_error_9d1fbbe0d150b89f068ba72a20366659;The configuration option \%s\" has been set to \"%s\"";De configuratie-optie \%s\" is ingesteld op \"%s\"";Die Konfigurationsoption \%s\" wurde in \"%s\"" geändert;L'option de configuration \%s\" a été réglée sur \"%s\""
<{mollie}prestashop>smarty_error_27dd3bb10855eb84f48efedf6924c4c1;This makes it impossible to list payment methods on the checkout;Dit maakt het onmogelijk om betaalmethodes te tonen bij het afrekenen;Hierdurch ist das Anzeigen von Zahlungsmethoden beim Checkout nicht möglich;Cela empêche de lister les moyens de paiement au checkout
<{mollie}prestashop>smarty_error_4ec23c59d832a2934277a2a040918789;Please navigate to the page \%s\" and choose the other option";Navigeer naar de pagina \%s\"en kies de andere optie";Gehen Sie auf Seite \%s\" und wählen Sie die andere Option";Veuillez accéder à la page \%s\" et choisir l'autre option"
<{mollie}prestashop>smarty_error_92b67311c1a5d6cfc28ba08a1066c901;Afterwards, clear the cache one more time, so the payment method list can be refreshed;Wis de cache daarna nog een keer, zodat de lijst met betaalmethodes kan worden vernieuwd;Löschen Sie anschließend nochmals den Cache, um die Liste der Zahlungmethoden zu aktualisieren;Ensuite, effacez de nouveau le cache, afin que la liste des moyens de paiement puisse être actualisée
<{mollie}prestashop>order_info_729a51874fe901b092899e9e8b31c97a;Are you sure?;Weet je het zeker?;Sind Sie sicher?;Êtes-vous sûr ?
<{mollie}prestashop>order_info_ccaf4ee393d094ecde7f21b15fdf8f1f;Are you sure you want to refund this order?;Weet je zeker dat je deze bestelling wilt terugbetalen?;Sind Sie sicher, dass Sie diese Bestellung erstatten möchten?;Êtes-vous sûr de vouloir rembourser cette commande ?
<{mollie}prestashop>order_info_76f0ed934de85cc7131910b32ede7714;Refund;Terugbetalen;Erstatten;Rembourser
<{mollie}prestashop>order_info_ea4788705e6873b424c65e91c2846b19;Cancel;Annuleren;Abbrechen;Annuler
<{mollie}prestashop>order_info_88ba0dcbc82905637e98317e0302cfd8;Refund order;Bestelling terugbetalen;Bestellung erstatten;Rembourser la commande
<{mollie}prestashop>order_info_5a1119ecb764165f27cb37b6f50134f2;Remaining;Resterend;Verbleibend;Restant
<{mollie}prestashop>order_info_77fd2b4393b379bedd30efcd5df02090;Partial refund;Gedeeltelijke terugbetaling;Teilweise Erstattung;Remboursement partielle
<{mollie}prestashop>order_info_a9ced76f2dd6907220fa95b3a136b04a;Invalid amount;Ongeldig bedrag;Ungültiger Betrag;Montant non valide
<{mollie}prestashop>order_info_3a2c3e97fed586776c2800fb7a0faf4e;You have entered an invalid amount;Je hebt een ongeldig bedrag ingevoerd;Der angegebene Betrag ist ungültig;Vous avez saisi un montant non valide
<{mollie}prestashop>order_info_3cc4859e502556d0d848c3bc38618782;Refund failed;Terugbetaling mislukt;Erstattung fehlgeschlagen;Échec du remboursement
<{mollie}prestashop>order_info_d5cfd0f69cd548e5d3b9edde5ff1b48f;Payment info;Betaalinformatie;Zahlungsinformation;Informations de paiement
<{mollie}prestashop>order_info_88427ec035734b45aae9f7d8859a5008;Transaction ID;Transactie-ID;Transaktions-ID;Numéro de transaction
<{mollie}prestashop>order_info_782678f4ba02feb3e9ecd51e902cd16b;Refund history;Terugbetalingsgeschiedenis;Rückzahlungshistorie;Historique des remboursements
<{mollie}prestashop>order_info_c5b41ae59bd6585750f536615a6bc20b;There are no refunds;Er zijn geen terugbetalingen;Keine Rückzahlungen vorhanden;Il n'y a aucun remboursement
<{mollie}prestashop>order_info_b718adec73e04ce3ec720dd11a06a308;ID;ID;ID;Identifiant
<{mollie}prestashop>order_info_44749712dbec183e983dcd78a7736c41;Date;Datum;Datum;Date
<{mollie}prestashop>order_info_b2f40690858b404ed10e62bdf422c704;Amount;Bedrag;Betrag;Montant
<{mollie}prestashop>order_info_53beb26d8bca00f56fbd295fdee83459;Refunds;Terugbetalingen;Rückzahlungen;Remboursements
<{mollie}prestashop>order_info_daef64964ee3b9b904f5d467586e217f;Payments;Betalingen;Zahlungen;Paiements
<{mollie}prestashop>order_info_e25be354288565757726f3295e4f3ef9;Current amount;Huidig bedrag;Aktueller Betrag;Montant actuel
<{mollie}prestashop>order_info_068f80c7519d0528fb08e82137a72131;Products;Producten;Produkte;Produits
<{mollie}prestashop>order_info_ec53a8c4f07baed5d8825072c89799be;Status;Status;Status;Statuts
<{mollie}prestashop>order_info_747cf5c8587184b9e489ff897d97c20d;Shipped;Verzonden;Versandt;Expédié
<{mollie}prestashop>order_info_0e22fe7d45f8e5632a4abf369b24e29c;Canceled;Geannuleerd;Storniert;Annulé
<{mollie}prestashop>order_info_cc61945cbbf46721a053467c395c666f;Refunded;Terugbetaald;Zurückerstattet;Remboursé
<{mollie}prestashop>order_info_197101c4a1b1fc503dcd6ebee127aa10;Unit Price;Prijs per stuk;Preis pro Einheit;Prix unitaire
<{mollie}prestashop>order_info_11cd653a2488e260a8a99f39cdffa6e7;VAT Amount;BTW bedrag;Summe USt.;Montant TVA
<{mollie}prestashop>order_info_bc30768048a7bbfd2d158d722c140c6d;Total amount;Totaalbedrag;Gesamtsumme;Montant total
<{mollie}prestashop>order_info_0387832795db3eb2e05f4365fba5ddac;Ship;Verzenden;Versenden;Envoyer
<{mollie}prestashop>order_info_55453aad10c96e452556a106447313bd;Review shipment;Controleer de verzending;Versand kontrollieren;Vérifier l'envoi
<{mollie}prestashop>order_info_dbb5bbb116e16973136b9ebd887eaadd;Please review the products included in your shipment. You can remove items or change quantity if needed.;Controleer de producten die bij je zending zijn inbegrepen. Als het nodig is kun je artikelen verwijderen of het aantal wijzigen.;Bitte prüfen Sie die Produkte im Versand. Bei Bedarf können Artikel gelöscht und kann die Menge geändert werden.;Veuillez vérifier les produits de votre envoi. Vous pouvez retirer des articles ou si besoin modifier leur quantité.
<{mollie}prestashop>order_info_e0aa021e21dddbd6d8cecec71e9cf564;OK;OK;OK;OK
<{mollie}prestashop>order_info_163bcc6065b16c6369c7a4de44cff164;Ship products;Producten verzenden;Produkte versenden;Envoyer les produits
<{mollie}prestashop>order_info_433557a938a920888445ce2c7df67d5a;Tracking details;Trackinggegevens;Sendungsdetails;Détails de suivi
<{mollie}prestashop>order_info_61995a579a6166642e759450a694642b;Adding tracking information to your shipment is recommended, as it will prove that you actually shipped your products to your customer.;Het wordt aanbevolen om trackinginformatie aan je verzending toe te voegen, omdat hiermee wordt aangetoond dat je de producten daadwerkelijk naar je klant hebt verzonden.;Wir empfehlen Ihnen, der Sendung Sendungsinformationen hinzuzufügen. Diese belegen, dass die Produkte tatsächlich auf dem Weg zum Kunden sind.;Il est recommandé d'ajouter des informations de suivi à votre envoi, cela prouvera au client que vous avez bien envoyé les produits.
<{mollie}prestashop>order_info_26b6254fefc06894825a50dfbe803937;Skip tracking details;Sla trackinggegevens over;Sendungsdetails überspringen;Passer les détails de suivi
<{mollie}prestashop>order_info_d57c24f3fe52d16e7169b912dd647f0d;optional;optioneel;optional;facultatif
<{mollie}prestashop>order_info_2df417909bda5f3ddc210a0abe65231f;E.g. FedEx;Bijv. FedEx;Z. B. FedEx;Par ex. FedEx
<{mollie}prestashop>order_info_593ed3a37aa1a3ece4a4d796fb4e2e03;This information is required;Deze informatie is verplicht;Diese Informationen sind erforderlich;Cette information est nécessaire
<{mollie}prestashop>order_info_933292561b46133ff5348c7740874c56;Tracking code;Tracking-code;Sendungsnummer;Code de suivi
<{mollie}prestashop>order_info_e6b391a8d2c4d45902a23a8b6585703d;URL;URL;URL;URL
<{mollie}prestashop>order_info_914419aa32f04011357d3b604a86d7eb;Carrier;Vervoerder;Logistikdienstleister;Transporteur
<{mollie}prestashop>order_info_23a902ac637359fe67ceaccbe2c68283;Ship all;Alles verzenden;Alle versenden;Tout envoyer
<{mollie}prestashop>order_info_2a6e9f678c7267fe16f57bcd3285f1d7;Cancel all;Alles annuleren;Alle stornieren;Tout annuler
<{mollie}prestashop>order_info_05ced64413f9ff5d3602c3e257f36204;Refund all;Alles terugbetalen;Alle erstatten;Tout rembourser
<{mollie}prestashop>order_info_bfe005bff7ecacd6ecceacdd7fb79292;Transaction info;Transactie-info;Transaktionsinformationen;Informations de transaction
<{mollie}prestashop>order_info_1eefa98a18a384699fe611fbfd8ab0c9;There are no products;Er zijn geen producten;Keine Produkte vorhanden;Il n'y a aucun produit
<{mollie}prestashop>order_info_a25c753ee3e4be15ec0daa5a40deb7b8;An error occurred;Er is een fout opgetreden;Ein Fehler ist aufgetreten;Un problème est survenu
<{mollie}prestashop>order_info_2df3102f3fe061003dee820a72e1b1ed;Unable to ship;Kan niet worden verzonden;Versand nicht möglich;Impossible d'envoyer
<{mollie}prestashop>order_info_3efc29552025b4e68de04f415b0b8806;Unable to refund;Kan niet worden terugbetaald;Restattung nicht möglich;Impossible de rembourser
<{mollie}prestashop>order_info_468a92810b526750be9664461db6bf91;Unable to cancel;Kan niet worden geannuleerd;Stornierung nicht möglich;Impossible d'annuler
<{mollie}prestashop>order_info_2427b479f15af44582dc151ef95a90d0;Refunds are currently unavailable;Terugbetalingen zijn op dit moment niet mogelijk;Rückzahlungen sind derzeit nicht verfügbar;Les remboursements sont actuellement indisponibles
<{mollie}prestashop>order_info_20c72bbfdf74d618a4b8a11100e864a0;Refund was made successfully!;De terugbetaling is succesvol uitgevoerd;Rückzahlung erfolgreich!;Le remboursement a été réalisé avec succès !
<{mollie}prestashop>order_info_c7eb2a728623db5eedf0e12d21ffa604;Shipment was made successfully!;Succesvol verzonden;Erfolgreich versandt!;L'envoi a été réalisé avec succès !
<{mollie}prestashop>order_info_fab41c52197c448eea0edde8951e4e59;Order was canceled successfully!;Bestelling is succesvol geannuleerd;Bestellung erfolgreich storniert!;La commande a été annulée avec succès !
<{mollie}prestashop>rounding_error_7783c757cd1177e60888080e0f4e0593;The configuration option \%s\" has been set to an unsupported value";De configuratie-optie \%s\" is ingesteld op een waarde die niet wordt ondersteund";Die Konfigurationsoption \%s\" wurde auf einen Wert gesetzt, der nicht unterstützt wird";L'option de configuration \%s\" a été réglée sur une valeur non supportée "
<{mollie}prestashop>rounding_error_2279522d0910767ffa75e0b39ed1629f;The selected rounding mode is not supported by the Mollie Orders API;De geselecteerde afrondingsmodus wordt niet ondersteund door de Orders API van Mollie;Der gewählte Rundungsmodus wird von den Mollie Auftrags-APIs nicht unterstützt;Le mode arrondi sélectionné n'est pas pris en charge par l'API de commande Mollie
<{mollie}prestashop>rounding_error_3a92c96baa86286685b233e6912e718d;Please navigate to the page \%s\" and choose the option \"%s\"";Ga naar \%s \" en kies de optie \"%s\"";Gehen Sie auf Seite \%s\" und wählen Sie die Option \"%s\"";Veuillez accéder à la page \%s\" et choisir l'option \"%s\""
<{mollie}prestashop>mollie_iframe_a4b29064de828b87f9f9b6fa145cb507;Enter your card information;Vul je kaartgegevens in;Geben Sie Ihre Kartendetails ein;Entrez vos données de carte
<{mollie}prestashop>mollie_iframe_63171e216532becbb0be4a43aa4252fa;Card holder;Kaarthouder;Karteninhaber;Titulaire de la carte
<{mollie}prestashop>mollie_iframe_a44217022190f5734b2f72ba1e4f8a79;Card number;Kaartnummer;Kartennummer;Numéro de carte
<{mollie}prestashop>mollie_iframe_5ea7f231296949070013bc43715aae01;CVC;CVC;CVC;CVC
<{mollie}prestashop>mollie_iframe_49753ba0559e716a708373951ea87d1c;Secure payments provided by;Veilige betalingen worden mogelijk gemaakt door;Sichere Zahlungen durch;Paiements sécurisés fournis par
<{mollie}prestashop>payment_334721e5f1ee825da687fcaede010724;Payment Fee:;Kosten betaalmethode;Zahlungsgebühr:;Frais de paiement :
<{mollie}prestashop>qr_code_9ba19ddbcfeddfc758eb84fb8ba26b5e;or scan the iDEAL QR code;of scan de iDEAL QR-code;oder scannen Sie den iDEAL QR-Code;ou scannez le code iDEAL QR
<{mollie}prestashop>smarty_warning_9d1fbbe0d150b89f068ba72a20366659;The configuration option \%s\" has been set to \"%s\"";De configuratie-optie \%s\" is ingesteld op \"%s\"";Die Konfigurationsoption \%s\" wurde in \"%s\"" geändert;L'option de configuration \%s\" a été réglée sur \"%s\""
<{mollie}prestashop>smarty_warning_e7e747f9c74f0b8222c87db24d34f018;It is possible that not all payment methods can be displayed;Mogelijk kunnen niet alle betaalmethodes worden weergegeven;Möglicherweise werden nicht alle Zahlungsarten angezeigt;Il est possible que tous les moyens de paiement ne soient pas affichés
<{mollie}prestashop>smarty_warning_1238db0fb782f758b5a54d6333b3610e;To fix this problem, navigate to the page \%s\" and clear the cache manually or choose one of the other options";Om dit probleem op te lossen, ga je naar \%s\" en wis je de cache handmatig, of kies je een van de andere opties";Um dieses Problem zu beheben, gehen Sie auf Seite \%s\" und löschen Sie den Cache oder wählen Sie eine der anderen Optionen";Pour résoudre ce problème, accédez à la page \%s\" et videz le cache manuellement ou choisissez l'une des autres options"
<{mollie}prestashop>mollie_iframe_16_a4b29064de828b87f9f9b6fa145cb507;Enter your card information;Vul je kaartgegevens in;Geben Sie Ihre Kartendetails ein;Entrez vos données de carte
<{mollie}prestashop>mollie_iframe_16_63171e216532becbb0be4a43aa4252fa;Card holder;Kaarthouder;Karteninhaber;Titulaire de la carte
<{mollie}prestashop>mollie_iframe_16_a44217022190f5734b2f72ba1e4f8a79;Card number;Kaartnummer;Kartennummer;Numéro de carte
<{mollie}prestashop>mollie_iframe_16_5ea7f231296949070013bc43715aae01;CVC;CVC;CVC;CVC
<{mollie}prestashop>mollie_iframe_16_49753ba0559e716a708373951ea87d1c;Secure payments provided by;Veilige betalingen worden mogelijk gemaakt door;Sichere Zahlungen durch;Paiements sécurisés fournis par
<{mollie}prestashop>mollie_iframe_16_a240fa27925a635b08dc28c9e4f9216d;Order;Bestelling;Bestellung;Commande
<{mollie}prestashop>ideal_dropdown_ab4147235204a436c09e00d6722082ab;Choose a bank;Kies een bank;Wählen Sie eine Bank;Choisissez une banque
<{mollie}prestashop>payment_c2f73af3130be4b4967a475ab846c546;An error occurred while initializing your payment. Please contact our customer support.;Er is een fout opgetreden bij het initialiseren van je betaling. Neem contact op met onze support afdeling.;Beim Initialisieren Ihrer Zahlung ist ein Fehler aufgetreten. Bitte kontaktieren Sie Ihren Kundenservice.;Un problème est survenu lors de l'initialisation de votre paiement. Veuillez contacter notre service client.
<{mollie}prestashop>webhook_3f864e377ad88afe0f99e0d1e16cec03;Transaction failed;Transactie mislukt;Transaktion fehlgeschlagen;Échec de la transaction
<{mollie}prestashop>return_11bab828edcc0a6d5c97cbf84d61e652;The order with this id does not exist.;De bestelling met dit ID bestaat niet.;Eine Bestellung mit dieser ID existiert nicht.;La commande associée à ce numéro n'existe pas.
<{mollie}prestashop>return_b34487c5f391f47b893ee3c61f8f9ab7;We have not received a definite payment status. You will be notified as soon as we receive a confirmation of the bank/merchant.;We hebben geen definitieve betaalstatus ontvangen. Zodra wij een bevestiging van de bank/handelaar hebben ontvangen, krijg je hiervan bericht.;Wir haben keinen definitiven Zahlungsstatus erhalten. Sie werden benachrichtigt, sobald die Bestätigung der Bank/des Händlers bei uns eingeht.;Nous n'avons pas reçu de statut de paiement définitif. Vous serez informé dès que nous aurons la confirmation de la banque ou du commerçant.
<{mollie}prestashop>return_3f83176ddc3f63a5a374a623840bfb09;You are not authorised to see this page.;Je bent niet bevoegd om deze pagina te bekijken.;Sie haben keinen Zugriff auf diese Seite.;Vous n'êtes pas autorisé à visualiser cette page.
<{mollie}prestashop>return_777385522ef6cc3c5ac7b39df1206e68;Your payment was not successful, please try again.;Je betaling is mislukt, probeer het opnieuw.;Ihre Zahlung ist fehlgeschlagen, bitte versuchen Sie es noch einmal.;Votre paiement n'a pas abouti, veuillez réessayer.
